"Experiment","Run","Number","Feature","Margs"
"P5",1,"Feature1","x9",1
"P5",1,"Feature2","troot(x4)*troot(x4)",1
"P5",1,"Feature3","x4*x2",0.999999999766723
"P5",1,"Feature4","x9*((x4*x3)*x3)",0.999999999086501
"P5",1,"Feature5","x4",0.997271903931446
"P5",1,"Feature6","x4*x9",0.997044422335944
"P5",1,"Feature7","(x4*x2)*(x2*(x4*x2))",0.940175081622966
"P5",1,"Feature8","(x4*x2)*x4",0.0628718204698858
"P5",1,"Feature9","(x4*x3)*x3",0.0599836700755094
"P1",1,"Feature1","troot(x4*x4)",0.99996345685221
"P1",1,"Feature2","troot(x4*x4)*x7",0.99996345685221
"P1",1,"Feature3","troot(x4*x4)*x9",0.99996345685221
"P1",1,"Feature4","x5",0.999962249448578
"P1",1,"Feature5","sin_deg(x5)",0.999787218865642
"P1",1,"Feature6","x8",0.769784480823253
"P1",1,"Feature7","x9",0.0747241326326126
"P1",1,"Feature8","x7*x8",0.00148535109165721
"P2",1,"Feature1","troot(x4*x4)",1
"P2",1,"Feature2","troot(x9*(x4*x4))",0.967633596369641
"P2",1,"Feature3","x5*x5",0.967633596368785
"P2",1,"Feature4","x7*troot(x9*(x4*x4))",0.967625371241459
"P2",1,"Feature5","x5",0.315910358937199
"P2",1,"Feature6","x6*troot(x4*x4)",0.0323664036303591
"P2",1,"Feature7","x2",0.00424249822946173
"P2",1,"Feature8","x6",0.00336868067678236
"P3",1,"Feature1","troot(x4*x4)",1
"P3",1,"Feature2","troot(x4*x4)*x6",0.863811896282125
"P3",1,"Feature3","x5",0.60979672043304
"P3",1,"Feature4","x9",0.603757785404489
"P3",1,"Feature5","x6",0.327496253806787
"P3",1,"Feature6","x7",0.240512964899362
"P3",1,"Feature7","(troot(x4*x4)*x9)*x6",0.136188105558061
"P3",1,"Feature8","x7*x7",0.00204250367780398
"P3",1,"Feature9","x5*x9",0.00167627995709527
"P3",1,"Feature10","troot(x7)",0.00117259690664494
"P4",1,"Feature1","troot(x4*x4)",0.999999999999914
"P4",1,"Feature2","x9*troot(x4*x4)",0.999996359826655
"P4",1,"Feature3","troot(x4*x4)*x7",0.999996359826655
"P4",1,"Feature4","x5",0.999995931365637
"P4",1,"Feature5","sigmoid(x5)",0.99868469647516
"P4",1,"Feature6","exp_dbl(sigmoid(x5))",0.00113321083825716
"P6",1,"Feature1","troot(x4*x4)",0.999999999999807
"P6",1,"Feature2","troot(x4*x4)*x9",0.999999978264163
"P6",1,"Feature3","x7*(troot(x4*x4)*x6)",0.999999961734751
"P6",1,"Feature4","x5",0.999996822183449
"P6",1,"Feature5","sin_deg(x5)",0.999771915216937
"P6",1,"Feature6","x8",0.530406440689152
"P6",1,"Feature7","x3",0.15784311861442
"P5",2,"Feature1","troot(x4)",1
"P5",2,"Feature2","x9*x4",0.999998297295698
"P5",2,"Feature3","x6",0.99997482990084
"P5",2,"Feature4","troot(troot(x4))",0.59438309130034
"P5",2,"Feature5","x4*x4",0.594383091291294
"P5",2,"Feature6","sigmoid(troot(troot(x4)))",0.594383091291294
"P5",2,"Feature7","sigmoid(troot(troot(x4)))*x6",0.59438306131896
"P5",2,"Feature8","x4*(x4*x2)",0.594382957769091
"P5",2,"Feature9","troot(x4)*(x4*x2)",0.594382957768727
"P5",2,"Feature10","x4*x2",0.594377496263103
"P5",2,"Feature11","x4",0.45243297385595
"P5",2,"Feature12","x4*x3",0.405624310785874
"P5",2,"Feature13","troot(exp_dbl(x6)*x4)",0.405616941459003
"P5",2,"Feature14","troot(x4)*x4",0.405616908708706
"P5",2,"Feature15","sigmoid(troot(x4))",0.40561690869966
"P5",2,"Feature16","troot((troot(x4)*x6)*x4)",0.40561690869966
"P5",2,"Feature17","sin_deg(x4*x3)",0.405616906395358
"P5",2,"Feature18","exp_dbl(x6)",0.405612006318833
"P5",2,"Feature19","x10",0.241415836452975
"P1",2,"Feature1","troot(x4*x4)",1
"P1",2,"Feature2","x6*troot(x4*x4)",0.999999999999965
"P1",2,"Feature3","x5",0.390928220580244
"P1",2,"Feature4","x6",0.118650475426324
"P1",2,"Feature5","x4",0.0821118356384333
"P1",2,"Feature6","x5*x5",0.0024143874683225
"P2",2,"Feature1","troot(x4*(x9*x4))",0.919774259882157
"P2",2,"Feature2","(x6*(troot(x4*(x9*x4))*x9))*x7",0.919774259882157
"P2",2,"Feature3","x1*x4",0.919773449629676
"P2",2,"Feature4","x8",0.689209523644324
"P2",2,"Feature5","troot(x4*x4)",0.0802201065556891
"P2",2,"Feature6","x6*troot(x4*x4)",0.0790053650346524
"P2",2,"Feature7","x9",0.0424832377948862
"P2",2,"Feature8","x6",0.0132897748244164
"P2",2,"Feature9","x1",0.0121252272507073
"P2",2,"Feature10","x2",0.00951399200657329
"P2",2,"Feature11","sigmoid(x6)",0.00273148601885592
"P2",2,"Feature12","troot((x4*x6)*x4)",0.00122600864552428
"P3",2,"Feature1","troot(x4)*troot(x4)",0.878373191242911
"P3",2,"Feature2","x7",0.87837319123398
"P3",2,"Feature3","(x7*(troot(x4)*troot(x4)))*x6",0.8783729946078
"P3",2,"Feature4","sin_deg(x7)",0.878372994607288
"P3",2,"Feature5","x7*x7",0.878252133658621
"P3",2,"Feature6","(troot(x4)*troot(x4))*(x7*x7)",0.877112201389193
"P3",2,"Feature7","x6",0.631432715486442
"P3",2,"Feature8","troot(1+((x4*(x6*x4))+(((x6*x4)*troot(troot(x4)))+x7)))",0.121626808757089
"P3",2,"Feature9","x5",0.121623262646356
"P3",2,"Feature10","x2*x4",0.121402882396084
"P3",2,"Feature11","exp_dbl(x6*x4)",0.118898935641536
"P3",2,"Feature12","x4",0.0104612831092661
"P3",2,"Feature13","((troot(x4)*troot(x4))*(x7*x7))*x7",0.00126079321913985
"P4",2,"Feature1","troot(x4*x4)",1
"P4",2,"Feature2","x6*troot(x4*x4)",0.99999998308439
"P4",2,"Feature3","x9",0.571517972042631
"P4",2,"Feature4","x5",0.484691138188692
"P4",2,"Feature5","x8",0.0565555875629475
"P6",2,"Feature1","troot(x4*x4)",1
"P6",2,"Feature2","x9*troot(x4*x4)",1
"P6",2,"Feature3","(x9*(troot(x4*x4)*x7))*x7",1
"P6",2,"Feature4","sin_deg(x5)",0.999974130854269
"P6",2,"Feature5","sigmoid(x5)",0.997910378388914
"P6",2,"Feature6","x8",0.753164435283924
"P6",2,"Feature7","sigmoid(sigmoid(x5))",0.00216286639793925
"P5",3,"Feature1","troot(x4*x4)",0.743059519354307
"P5",3,"Feature2","troot(x4*x4)*x6",0.730380573659017
"P5",3,"Feature3","x5",0.284745201715383
"P5",3,"Feature4","troot(x6)*troot(x4*x4)",0.269619426340978
"P5",3,"Feature5","x4",0.258085207344261
"P5",3,"Feature6","x4*x7",0.256948401295225
"P5",3,"Feature7","x6",0.0874546684721955
"P5",3,"Feature8","x5*x5",0.0168810728047221
"P1",3,"Feature1","x9*troot(x4*x4)",1
"P1",3,"Feature2","troot(x4*x4)*troot(x7)",0.99999999999998
"P1",3,"Feature3","troot(x4*x4)",0.999999999913967
"P1",3,"Feature4","x5*x5",0.999470909267687
"P1",3,"Feature5","x8",0.504950539388024
"P1",3,"Feature6","x9",0.119272788811306
"P1",3,"Feature7","troot(x4)",0.00217877741142058
"P2",3,"Feature1","troot(x4*x4)",1
"P2",3,"Feature2","troot(x4*x4)*x9",0.999999999880345
"P2",3,"Feature3","x7*troot(x4*x4)",0.999999999877735
"P2",3,"Feature4","x5",0.999999988985908
"P2",3,"Feature5","sigmoid(x5)",0.999812127940311
"P3",3,"Feature1","troot(x4*x4)",1
"P3",3,"Feature2","troot(((x6*x6)*x4)*x4)",1
"P3",3,"Feature3","x4",0.0874909163486898
"P3",3,"Feature4","x7",0.0849795714574156
"P4",3,"Feature1","troot(x4*x4)",1
"P4",3,"Feature2","troot(x4*x4)*x6",0.999999967182455
"P4",3,"Feature3","x9",0.693702155297794
"P4",3,"Feature4","x5",0.508085067612206
"P4",3,"Feature5","x6",0.262046448223439
"P4",3,"Feature6","x1",0.136689092325338
"P4",3,"Feature7","x10",0.0646153237753909
"P6",3,"Feature1","troot(x6*(x4*x4))",0.999998711832442
"P6",3,"Feature2","x4*x7",0.99999871183244
"P6",3,"Feature3","x4",0.999998711831711
"P5",4,"Feature1","x4",1
"P5",4,"Feature2","x7*x4",1
"P5",4,"Feature3","troot(x8*(x8*x4))",1
"P5",4,"Feature4","troot(1+(x1+(((x7*x4)*troot(x7*x4))+((x7*x4)*x4))))",1
"P5",4,"Feature5","x7",1
"P5",4,"Feature6","exp_dbl(sin_deg(x8*x4))",0.999999999997389
"P5",4,"Feature7","x8*(x8*x4)",0.999999999997389
"P5",4,"Feature8","sigmoid(troot(x8*(x8*x4)))",0.999999932082837
"P5",4,"Feature9","x9",0.999999890267045
"P5",4,"Feature10","x4*x9",0.973133525280319
"P5",4,"Feature11","x8*x4",0.0241745202788828
"P5",4,"Feature12","x4*exp_dbl(sin_deg(x8*x4))",0.00193318560187269
"P1",4,"Feature1","troot(((troot(1+x7)*x4)+x4)*x4)",0.999999999990341
"P1",4,"Feature2","(x9*x9)*troot(x4*x4)",0.999999943680727
"P1",4,"Feature3","x7*x7",0.999888843789324
"P1",4,"Feature4","x7",0.455686798641099
"P2",4,"Feature1","troot(x4*x4)",1
"P2",4,"Feature2","x5",0.999630322733804
"P2",4,"Feature3","sigmoid(x5)",0.999439994970494
"P2",4,"Feature4","troot(x4*x4)*x9",0.986725980361263
"P2",4,"Feature5","x7*troot(x4*x4)",0.986725980326295
"P2",4,"Feature6","x6*troot(x4*x4)",0.0132740196029241
"P2",4,"Feature7","x9",0.0132704706019234
"P2",4,"Feature8","x6",0.0132681754098004
"P2",4,"Feature9","troot(x4*x4)*troot(x8)",0.0132681754098004
"P2",4,"Feature10","x7",0.00715297472942305
"P2",4,"Feature11","x5*x9",0.00176710132916039
"P3",4,"Feature1","x5",0.999999614171134
"P3",4,"Feature2","sigmoid(x5)",0.999880685841701
"P3",4,"Feature3","troot(x4*x4)*x9",0.99803230966533
"P3",4,"Feature4","x7*troot(x4*x4)",0.998032309665289
"P3",4,"Feature5","troot(x4*x4)",0.990697768325528
"P3",4,"Feature6","x7",0.239138251470276
"P3",4,"Feature7","x9",0.150957020805819
"P3",4,"Feature8","x4",0.0798686606942428
"P3",4,"Feature9","troot((x4*x9)*x4)",0.0112699370438384
"P3",4,"Feature10","x9*x4",0.00209300960220295
"P3",4,"Feature11","x5*x9",0.00201449937055799
"P3",4,"Feature12","(x7*(x4*x6))*x7",0.00196769045015265
"P4",4,"Feature1","troot(x6*(x4*x4))",0.981514744100198
"P4",4,"Feature2","x4",0.981325824572805
"P4",4,"Feature3","x7*x4",0.978300333309431
"P4",4,"Feature4","x5",0.557337045229193
"P4",4,"Feature5","x6",0.445184030346144
"P4",4,"Feature6","x9",0.396610055593886
"P4",4,"Feature7","troot(x4*x4)",0.0186653347691095
"P4",4,"Feature8","x6*troot(x4*x4)",0.0184852558998021
"P4",4,"Feature9","(x4*x6)*x7",0.0030485506215527
"P4",4,"Feature10","x3",0.0019581783449294
"P6",4,"Feature1","x9*troot(x4*x4)",0.999963456852212
"P6",4,"Feature2","x7*troot(x4*x4)",0.999963456852212
"P6",4,"Feature3","troot(x4*x4)",0.999963456852212
"P6",4,"Feature4","x5",0.997594765906926
"P6",4,"Feature5","x8",0.766894437699374
"P6",4,"Feature6","sin_deg(x5)",0.594386400579128
"P6",4,"Feature7","sigmoid(x5)",0.410227675206608
"P6",4,"Feature8","sin_deg(x8)",0.00306820289582798
"P6",4,"Feature9","sin_deg(x9)",0.00211948808029326
"P5",5,"Feature1","troot(x4*x4)",1
"P5",5,"Feature2","x6*troot(x4*x4)",1
"P5",5,"Feature3","x9",0.567829034254423
"P5",5,"Feature4","x6",0.212467388146851
"P5",5,"Feature5","x8",0.103087306720951
"P5",5,"Feature6","x4",0.00309822949554551
"P5",5,"Feature7","troot(x4)",0.00232233793823225
"P1",5,"Feature1","x6*troot(x4*(x9*x4))",1
"P1",5,"Feature2","troot(x4*(x9*x4))",1
"P1",5,"Feature3","x7",0.999988900165664
"P1",5,"Feature4","x5",0.99992243886206
"P1",5,"Feature5","sin_deg(x7)",0.997838832896333
"P1",5,"Feature6","sin_deg(x5)",0.987011094621437
"P1",5,"Feature7","x1",0.072314523145254
"P1",5,"Feature8","exp_dbl(x7)",0.00290832206264252
"P2",5,"Feature1","troot(x4)*troot(x4)",1
"P2",5,"Feature2","x9*(troot(x4)*troot(x4))",0.999811985650256
"P2",5,"Feature3","(troot(x4)*troot(x4))*x7",0.999811985650099
"P2",5,"Feature4","x5",0.999811783353743
"P2",5,"Feature5","sigmoid(x5)",0.999182189747837
"P2",5,"Feature6","x8",0.760444113978004
"P2",5,"Feature7","x1",0.0951250840334362
"P3",5,"Feature1","x4",0.999999999997344
"P3",5,"Feature2","troot(x4)",0.999999980881496
"P3",5,"Feature3","x10*x4",0.999999980107706
"P3",5,"Feature4","troot(1+(x4+(x4+(troot(x4)*(x4*x4)))))",0.999999980107706
"P3",5,"Feature5","x4*x7",0.999999980107706
"P3",5,"Feature6","x8*(x4*x4)",0.999999980107706
"P3",5,"Feature7","x4*troot(x4)",0.999999980107699
"P3",5,"Feature8","x9",0.998118033235516
"P3",5,"Feature9","x8",0.66687027898185
"P3",5,"Feature10","x6",0.123071276019442
"P4",5,"Feature1","x4",0.997919531814586
"P4",5,"Feature2","troot(x4*(x6*x4))",0.997705614068844
"P4",5,"Feature3","x6*x4",0.991868713513497
"P4",5,"Feature4","x4*(x6*x6)",0.00583690074375339
"P4",5,"Feature5","troot(x4*x4)",0.00229438593115579
"P4",5,"Feature6","x6*troot(x9*(x4*x4))",0.00229438593115579
"P4",5,"Feature7","x7",0.00226630502252826
"P6",5,"Feature1","troot(x9*(x4*x4))",0.999995902365029
"P6",5,"Feature2","x6*troot(x9*(x4*x4))",0.999995902365029
"P6",5,"Feature3","x7",0.999976979212945
"P6",5,"Feature4","x5*x1",0.999904761511452
"P6",5,"Feature5","x6",0.847730150729094
"P6",5,"Feature6","x9",0.239732741301832
"P6",5,"Feature7","x4",0.0803693277058014
"P6",5,"Feature8","x1",0.0276222551085364
"P6",5,"Feature9","x5",0.00150620183393651
"P5",6,"Feature1","troot(x4*x4)",1
"P5",6,"Feature2","x6*(troot(x4)*troot(x4))",1
"P5",6,"Feature3","x9",0.581100283960428
"P5",6,"Feature4","x5",0.476364696641996
"P5",6,"Feature5","x5*x9",0.00124347380807097
"P1",6,"Feature1","troot((x6*x4)*(x6*x4))",0.995955066371705
"P1",6,"Feature2","troot(x4)*troot(x4)",0.995953122936952
"P1",6,"Feature3","x3",0.122052778412361
"P1",6,"Feature4","x5*x10",0.0124968157952063
"P1",6,"Feature5","troot(1+(((x4*x6)*x4)+x3))*sigmoid(x4)",0.00404493362829532
"P1",6,"Feature6","x3*(x8*x4)",0.00404493362829532
"P1",6,"Feature7","(x3*(x8*x4))*sin_deg(x9)",0.00404493361211739
"P1",6,"Feature8","x9",0.0037792904682748
"P1",6,"Feature9","x6",0.00373761947634592
"P1",6,"Feature10","x8",0.00326679182174676
"P1",6,"Feature11","x7",0.00326441190642868
"P1",6,"Feature12","x5",0.00316779663619298
"P1",6,"Feature13","troot(x4)",0.00210799886819527
"P2",6,"Feature1","troot((x4*x4)*x6)",0.870669247221852
"P2",6,"Feature2","x4*x6",0.870111497588569
"P2",6,"Feature3","x4",0.870111473914445
"P2",6,"Feature4","troot(x9*(x4*x4))",0.129328798945249
"P2",6,"Feature5","x7*(troot(x9*(x4*x4))*(x9*x6))",0.129328798945249
"P2",6,"Feature6","x5",0.092453954167076
"P2",6,"Feature7","sigmoid(x5)",0.082496440592026
"P2",6,"Feature8","x3",0.0744980058518726
"P2",6,"Feature9","x8",0.0663295221427747
"P2",6,"Feature10","x5*x5",0.0395179190113398
"P2",6,"Feature11","x10",0.0197903675004956
"P2",6,"Feature12","x1",0.00851810173805624
"P2",6,"Feature13","(x5*x5)*x5",0.00612140761263774
"P3",6,"Feature1","x4",1
"P3",6,"Feature2","x4*(x4*(sin_deg(x4)*(x8*x4)))",0.999999999999999
"P3",6,"Feature3","sin_deg(x4)*(x8*x4)",0.999999999999999
"P3",6,"Feature4","x7*x4",0.999999999999999
"P3",6,"Feature5","troot(1+(x4*x4))",0.999999999999999
"P3",6,"Feature6","x4*(sin_deg(x4)*(x8*x4))",0.999999999999999
"P3",6,"Feature7","x9",0.999999993828748
"P3",6,"Feature8","x7",0.999953518509077
"P3",6,"Feature9","sin_deg(x4*x4)",0.991562059993552
"P4",6,"Feature1","troot(x9*(x4*x4))",0.999999983181692
"P4",6,"Feature2","x5",0.99999237777094
"P4",6,"Feature3","troot(x4*x4)",0.999797584815784
"P4",6,"Feature4","troot(x4*x4)*x7",0.999797567997476
"P4",6,"Feature5","exp_dbl(x5)",0.996226324788918
"P4",6,"Feature6","x9",0.450750334131651
"P4",6,"Feature7","x2",0.0824574859053987
"P4",6,"Feature8","x4",0.00818933024184064
"P6",6,"Feature1","x4",0.773781798853349
"P6",6,"Feature2","troot((x4*x4)*x6)",0.773781798853349
"P6",6,"Feature3","x7*x4",0.77378175332883
"P6",6,"Feature4","x8",0.236836070132746
"P6",6,"Feature5","(x9*troot(x4*x4))*x7",0.226218201146651
"P6",6,"Feature6","troot(x4*x4)",0.226218201146651
"P6",6,"Feature7","x9*troot(x4*x4)",0.226218201146651
"P6",6,"Feature8","x2*x1",0.226216125465691
"P6",6,"Feature9","x5",0.226076441727767
"P6",6,"Feature10","x1",0.219028414174866
"P6",6,"Feature11","x10",0.105112585991795
"P6",6,"Feature12","x3",0.066666453162468
"P6",6,"Feature13","sigmoid(x5)",0.0259309337578577
"P6",6,"Feature14","x9",0.0128172391868198
"P6",6,"Feature15","sigmoid(x8)",0.00174783210136193
"P5",7,"Feature1","troot(x4*x4)",0.999999999841287
"P5",7,"Feature2","x4",0.999999999302613
"P5",7,"Feature3","(x4*x3)*troot(x4)",0.9999999991439
"P5",7,"Feature4","exp_dbl(troot(troot(x4)))*(x4*x6)",0.9999999991439
"P5",7,"Feature5","x4*troot(x4)",0.9999999991439
"P5",7,"Feature6","troot(x4)*x6",0.999998702718286
"P5",7,"Feature7","x6",0.947417717116136
"P5",7,"Feature8","x5",0.69009009596676
"P5",7,"Feature9","x6*x6",0.0489831048952153
"P5",7,"Feature10","troot(x6)",0.00358815877714649
"P1",7,"Feature1","troot(x4*(x4*x6))",1
"P1",7,"Feature2","x4",0.986094175139602
"P1",7,"Feature3","x4*x6",0.98391194893758
"P1",7,"Feature4","x5",0.543968696689135
"P1",7,"Feature5","x6",0.484183354492183
"P1",7,"Feature6","x9",0.416362621762991
"P1",7,"Feature7","x10",0.0936530958862157
"P1",7,"Feature8","x4*x2",0.0164577573908615
"P1",7,"Feature9","troot(x4)",0.00182657104842659
"P1",7,"Feature10","troot(x10)",0.00158539201583028
"P2",7,"Feature1","troot(x6*(x4*x4))",1
"P2",7,"Feature2","troot(x4*x4)",0.999997879304036
"P2",7,"Feature3","x4",0.0838760125588333
"P2",7,"Feature4","x7",0.0701890372079543
"P3",7,"Feature1","troot(1+(x4*(x6*x4)))",1
"P3",7,"Feature2","x6*x4",1
"P3",7,"Feature3","x4",0.999999999592057
"P3",7,"Feature4","exp_dbl(x4)",0.866400861872374
"P3",7,"Feature5","x3",0.0693934953009968
"P3",7,"Feature6","x6",0.0613992062976806
"P4",7,"Feature1","x4",1
"P4",7,"Feature2","x6",0.999999999999526
"P4",7,"Feature3","troot(x4)",0.997458028194762
"P4",7,"Feature4","troot(troot(x4))",0.997458028194762
"P4",7,"Feature5","exp_dbl(troot(x4))",0.997458028194762
"P4",7,"Feature6","x4*x4",0.997458028194762
"P4",7,"Feature7","x9",0.997458028194762
"P4",7,"Feature8","x6*troot(x4)",0.997456777851594
"P4",7,"Feature9","sigmoid(x5)*x4",0.997456777851594
"P4",7,"Feature10","x4*troot(troot(x4))",0.997456777851594
"P4",7,"Feature11","x6*troot(troot(x4))",0.997456777851594
"P4",7,"Feature12","x9*x4",0.997456777851594
"P4",7,"Feature13","x4*x5",0.997356274589081
"P4",7,"Feature14","x5",0.0723121589622758
"P4",7,"Feature15","x7*x4",0.00254322214840606
"P4",7,"Feature16","((x10*(x7*x4))*x3)*x3",0.00254197180523765
"P4",7,"Feature17","x4*(x4*x2)",0.00254197180523765
"P4",7,"Feature18","troot(x4*x4)",0.00254197180523765
"P4",7,"Feature19","x4*x2",0.002541392490073
"P6",7,"Feature1","x9*troot(x4*x4)",1
"P6",7,"Feature2","x5",0.941980236443439
"P6",7,"Feature3","troot(x4)*troot(x4)",0.80016515793409
"P6",7,"Feature4","x7*(troot(x4)*troot(x4))",0.80016515793409
"P6",7,"Feature5","x8",0.7137118824042
"P6",7,"Feature6","sin_deg(x5)",0.712532781980558
"P6",7,"Feature7","(exp_dbl(x7)*troot(x4*x4))*x7",0.19983484206591
"P6",7,"Feature8","sigmoid(x5)",0.19983484206591
"P6",7,"Feature9","x9*(x9*troot(x4*x4))",0.19983484206591
"P6",7,"Feature10","x9",0.183410273713137
"P6",7,"Feature11","x5*x5",0.0874752399708374
"P6",7,"Feature12","x6",0.0783049233278908
"P6",7,"Feature13","x7",0.0309848665953754
"P6",7,"Feature14","sigmoid(x6)",0.00606826305405928
"P5",8,"Feature1","troot(x4*x4)",1
"P5",8,"Feature2","x4",0.999999999999923
"P5",8,"Feature3","x4*x4",0.999999999998378
"P5",8,"Feature4","(x4*x3)*(x4*x3)",0.999999999997302
"P5",8,"Feature5","x4*x3",0.999999999997302
"P5",8,"Feature6","x8*x4",0.999999999997302
"P5",8,"Feature7","((x4*x3)*(x4*x3))*x8",0.999999999997302
"P5",8,"Feature8","sin_deg(x4)",0.999999999996485
"P5",8,"Feature9","x7",0.999999999855015
"P5",8,"Feature10","x9",0.999999676326761
"P5",8,"Feature11","x8",0.99999752255003
"P5",8,"Feature12","troot(x4)",0.999988534908193
"P1",8,"Feature1","troot(x4*(x6*x4))",1
"P1",8,"Feature2","x4",0.952879278239851
"P1",8,"Feature3","x6*x4",0.948200018669247
"P1",8,"Feature4","x7",0.0786387528119623
"P1",8,"Feature5","x9",0.06844842212407
"P1",8,"Feature6","troot(x4*x4)",0.0517944454139604
"P2",8,"Feature1","troot(x4*(x6*x4))",0.997299982071933
"P2",8,"Feature2","troot(x4*x4)",0.99722731451639
"P2",8,"Feature3","x7",0.0788370161641951
"P2",8,"Feature4","troot((x9*x4)*x4)",0.00270001792806662
"P2",8,"Feature5","x6*troot((x9*x4)*x4)",0.00269994574450292
"P2",8,"Feature6","x5",0.00269994574450289
"P2",8,"Feature7","sigmoid(x5)",0.00269582669559344
"P2",8,"Feature8","troot(x4)",0.00265598008559598
"P2",8,"Feature9","exp_dbl(x7)",0.00257169560192303
"P3",8,"Feature1","x7",1
"P3",8,"Feature2","(x4*x4)*x2",0.999999999997165
"P3",8,"Feature3","x7*((x3*x4)*x3)",0.999999999997165
"P3",8,"Feature4","troot(x4*x4)",0.999999999997165
"P3",8,"Feature5","x4*x2",0.999999999997165
"P3",8,"Feature6","(x2*x4)*(x7*(x2*x4))",0.999999999997165
"P3",8,"Feature7","x9",0.605950604371564
"P3",8,"Feature8","x4",0.100386773350998
"P4",8,"Feature1","troot(x4)*(x9*troot(x4))",1
"P4",8,"Feature2","troot(x4)*troot(x4)",0.999999999993032
"P4",8,"Feature3","(x6*(troot(x4)*troot(x4)))*x7",0.999999999993032
"P4",8,"Feature4","x5",0.999996225227553
"P4",8,"Feature5","sin_deg(x5)",0.999390167536315
"P4",8,"Feature6","x4",0.104920034698973
"P4",8,"Feature7","x1",0.0856026305588219
"P4",8,"Feature8","x2",0.067655017022314
"P4",8,"Feature9","x2*x1",0.00239880553459641
"P6",8,"Feature1","troot((x4*x6)*(x4*x6))",0.999999999606424
"P6",8,"Feature2","exp_dbl(x6)*troot((x4*x6)*(x4*x6))",0.999956138963235
"P6",8,"Feature3","x6",0.483526853935042
"P6",8,"Feature4","exp_dbl(x6)",0.00331172869242612
"P5",9,"Feature1","troot(x4*x4)",0.99999999999998
"P5",9,"Feature2","troot(1+(x4+(x2+(x6+((x4*x4)*x6)))))",0.987308922435499
"P5",9,"Feature3","x2",0.987308546065816
"P5",9,"Feature4","x5",0.986089265347012
"P5",9,"Feature5","sigmoid(x4)",0.98375701688119
"P5",9,"Feature6","x4",0.0126910775645012
"P5",9,"Feature7","(x4*x5)*x4",0.0126910775644808
"P5",9,"Feature8","((x4*x5)*x4)*x4",0.0126910775644808
"P5",9,"Feature9","x4*((x4*x5)*(x4*x5))",0.0126910775644808
"P5",9,"Feature10","x7*troot(x4)",0.0126910775644808
"P5",9,"Feature11","x9*x4",0.0126910775641163
"P5",9,"Feature12","sin_deg(x4)",0.0126910775619607
"P5",9,"Feature13","x4*sin_deg(x9)",0.0126910772313563
"P5",9,"Feature14","x9*(x9*x4)",0.0126910771032228
"P5",9,"Feature15","troot(x4)",0.0126761745815942
"P5",9,"Feature16","sin_deg(x4)*x1",0.0126315339630121
"P5",9,"Feature17","troot(sigmoid(x4))",0.0035108954574708
"P1",9,"Feature1","troot(x4*(x6*x4))",0.999996264579698
"P1",9,"Feature2","x4",0.96036093976944
"P1",9,"Feature3","x6*x4",0.956445001250517
"P1",9,"Feature4","x6",0.166268663476826
"P1",9,"Feature5","x7",0.0811197791243833
"P1",9,"Feature6","troot(x4*x4)",0.0435550002290255
"P2",9,"Feature1","troot(x4*x4)",0.998672053361453
"P2",9,"Feature2","troot(x4*(x9*x4))",0.998672052240723
"P2",9,"Feature3","x7*troot(x4*(x9*x4))",0.998672052240723
"P2",9,"Feature4","x1*(x10*x4)",0.998672052161535
"P2",9,"Feature5","troot(x4)",0.0045554142737594
"P2",9,"Feature6","troot((x4*x4)*x6)",0.00132794663854679
"P2",9,"Feature7","x4*x6",0.00132794663854679
"P2",9,"Feature8","x4",0.00132794526703787
"P3",9,"Feature1","troot(1+x4)*troot(1+x4)",0.963294404648619
"P3",9,"Feature2","(troot(1+x4)*troot(1+x4))*x6",0.963294404648619
"P3",9,"Feature3","troot(exp_dbl(x4))",0.811344112196563
"P3",9,"Feature4","x4",0.159813930432467
"P3",9,"Feature5","exp_dbl(x4)",0.147445919015431
"P3",9,"Feature6","x3",0.0943955853682686
"P3",9,"Feature7","x6",0.0766454785583573
"P3",9,"Feature8","x4*x2",0.0372761152397065
"P3",9,"Feature9","troot(x4*x4)",0.0367055953513806
"P3",9,"Feature10","((x4*x3)*x2)*(x4*x3)",0.0367055953513806
"P3",9,"Feature11","x4*x3",0.0367055953513806
"P3",9,"Feature12","x7",0.0367055953513729
"P3",9,"Feature13","(x4*x2)*x4",0.0347529721144147
"P3",9,"Feature14","x9",0.0327891900385351
"P3",9,"Feature15","(x4*x2)*x3",0.00177116530861971
"P4",9,"Feature1","troot(x4*x4)",1
"P4",9,"Feature2","x9*troot(x4*x4)",0.999999999975027
"P4",9,"Feature3","troot(x4*x4)*x7",0.999999999975027
"P4",9,"Feature4","x5",0.999999859842394
"P4",9,"Feature5","sin_deg(x5)",0.999976384781466
"P4",9,"Feature6","x8",0.756188828635182
"P4",9,"Feature7","x7",0.125069181877728
"P4",9,"Feature8","x3",0.0936255883697583
"P6",9,"Feature1","troot(x4*x4)",1
"P6",9,"Feature2","troot((x9*x4)*x4)",0.999975606425914
"P6",9,"Feature3","(x7*x7)*troot(x4*x4)",0.999975606425914
"P6",9,"Feature4","(x5*(x5*x5))*x8",0.999975606425632
"P5",10,"Feature1","x7",1
"P5",10,"Feature2","troot(1+(x4*x4))",1
"P5",10,"Feature3","exp_dbl(x7)*x4",1
"P5",10,"Feature4","troot(1+(x4*x4))*x7",1
"P5",10,"Feature5","x4*sin_deg(x7)",1
"P5",10,"Feature6","x6*x4",0.999999994441303
"P5",10,"Feature7","x4",0.999999945544186
"P5",10,"Feature8","x6",0.95707214600644
"P5",10,"Feature9","x1",0.0989749620806555
"P5",10,"Feature10","x10",0.0636076735882947
"P5",10,"Feature11","exp_dbl(x6)",0.0314924887571466
"P5",10,"Feature12","exp_dbl(x3)",0.00106958363974464
"P1",10,"Feature1","troot(x4*x4)",0.999999999934026
"P1",10,"Feature2","x4",0.999999963839691
"P1",10,"Feature3","x6*(x7*troot(x4*x4))",0.999999961255999
"P1",10,"Feature4","x6*x4",0.99998592287192
"P1",10,"Feature5","x7*(x6*x4)",0.999841827293364
"P1",10,"Feature6","x7*x4",0.607083196216539
"P1",10,"Feature7","x7",0.47484158796983
"P1",10,"Feature8","x7*x7",0.393945996628055
"P1",10,"Feature9","x6",0.0910794093597212
"P1",10,"Feature10","sin_deg(x6)",0.00473549037374212
"P2",10,"Feature1","troot(x4*(x4*x6))",1
"P2",10,"Feature2","x8*x4",0.999999316861962
"P2",10,"Feature3","x4",0.99869590106805
"P2",10,"Feature4","x5",0.87120743358769
"P2",10,"Feature5","sin_deg(x5)",0.77445781850246
"P2",10,"Feature6","x6*x4",0.772508189051524
"P2",10,"Feature7","x4*x5",0.00132097710370303
"P3",10,"Feature1","troot(x4*x4)*x6",1
"P3",10,"Feature2","troot(x4*x4)",1
"P3",10,"Feature3","x9",0.568295553847615
"P3",10,"Feature4","x5",0.463147458478846
"P3",10,"Feature5","x7",0.116927417711685
"P3",10,"Feature6","x4",0.0909382362627974
"P3",10,"Feature7","troot(x9)",0.00565010996816888
"P3",10,"Feature8","x9*x5",0.00161310927835408
"P4",10,"Feature1","troot(x9*(x4*x4))",0.99999999999993
"P4",10,"Feature2","x6*troot((x4*x4))",0.99999999999993
"P4",10,"Feature3","x7",0.999999998194141
"P4",10,"Feature4","x5",0.999564831694273
"P4",10,"Feature5","x6",0.940082276579435
"P4",10,"Feature6","sigmoid(x5)",0.735151739363333
"P4",10,"Feature7","exp_dbl(x5)",0.117244064015326
"P4",10,"Feature8","x9",0.103575297880817
"P4",10,"Feature9","x6*x9",0.0346720510309382
"P6",10,"Feature1","troot((x4*x6)*x4)",0.999999159411189
"P6",10,"Feature2","x4*x6",0.999999159411189
"P6",10,"Feature3","x4",0.999999158686526
"P6",10,"Feature4","x10",0.137479634926268
"P6",10,"Feature5","x5*x5",0.0346005940225885
"P5",11,"Feature1","troot(x4*x4)",0.999999999969822
"P5",11,"Feature2","x7",0.999999290082849
"P5",11,"Feature3","troot(x4)",0.999999290082635
"P5",11,"Feature4","x3*((x4*x3)*troot(x4))",0.999999290052671
"P5",11,"Feature5","exp_dbl(troot(x4))",0.999999290052671
"P5",11,"Feature6","(x4*x3)*troot(x4)",0.999999290052671
"P5",11,"Feature7","x4*x4",0.999999290052671
"P5",11,"Feature8","x9*troot(x4)",0.999999290052671
"P5",11,"Feature9","troot(troot(x4))",0.999999290052671
"P5",11,"Feature10","x4*x2",0.999999290052671
"P5",11,"Feature11","x8",0.999981183090751
"P5",11,"Feature12","troot(troot(x4))*x7",0.999978823535606
"P5",11,"Feature13","x9",0.613583295304281
"P5",11,"Feature14","x4",0.0849564401364251
"P1",11,"Feature1","x6*troot((x4*x4)+(x8+x4))",1
"P1",11,"Feature2","troot((x4*x4))",1
"P1",11,"Feature3","x10",0.128528134165311
"P1",11,"Feature4","sigmoid(x5)",0.00883972371746187
"P2",11,"Feature1","troot(x4*(x9*x4))",1
"P2",11,"Feature2","x4*x1",0.999999999999688
"P2",11,"Feature3","troot(x4*x4)",0.999999842820699
"P2",11,"Feature4","troot(x4*x4)*x7",0.999999842820573
"P2",11,"Feature5","x8",0.855967230285854
"P2",11,"Feature6","x9",0.386220064639891
"P2",11,"Feature7","x7",0.112700467685455
"P3",11,"Feature1","x10*x4",0.999999997463679
"P3",11,"Feature2","x4",0.999999507364154
"P3",11,"Feature3","x6*(x4*x3)",0.999995419790642
"P3",11,"Feature4","x4*x3",0.999995419790642
"P3",11,"Feature5","x4*x4",0.999995419790642
"P3",11,"Feature6","x7*x4",0.999995419790642
"P3",11,"Feature7","troot(x7*(x4*x4))",0.999995419790642
"P3",11,"Feature8","x2*(x10*x4)",0.999711623206023
"P3",11,"Feature9","x6",0.570133278945532
"P4",11,"Feature1","troot(x4*x4)",1
"P4",11,"Feature2","x6*troot(x4*x4)",0.999995304666634
"P4",11,"Feature3","x9",0.581021011190621
"P4",11,"Feature4","x5",0.473496177847322
"P4",11,"Feature5","x8",0.0781933784943723
"P4",11,"Feature6","sigmoid(x7)",0.00109246588921329
"P6",11,"Feature1","x9*troot(x4*x4)",1
"P6",11,"Feature2","troot(x4)*troot(x4)",1
"P6",11,"Feature3","(troot(x4)*troot(x4))*x7",1
"P6",11,"Feature4","x5",0.999999264384535
"P6",11,"Feature5","sin_deg(x5)",0.999875676821736
"P6",11,"Feature6","x7",0.183582410349523
"P5",12,"Feature1","troot(x4*x4)*x9",1
"P5",12,"Feature2","troot(x4*x4)",0.999999999999868
"P5",12,"Feature3","x1*troot(x4*x4)",0.999996607925821
"P5",12,"Feature4","troot(x4*x4)*x7",0.999815305100229
"P5",12,"Feature5","x7",0.108810004888384
"P5",12,"Feature6","sin_deg(x8)",0.0366704526722543
"P1",12,"Feature1","troot(x4*x4)",1
"P1",12,"Feature2","troot(x4*x4)*x6",1
"P1",12,"Feature3","troot(x4*(x4*x8))",0.999993942820059
"P1",12,"Feature4","(x4*x8)*x5",0.999574302462036
"P1",12,"Feature5","x6",0.937574105739335
"P1",12,"Feature6","x7",0.799649960449069
"P1",12,"Feature7","sigmoid(x6)",0.48001208321232
"P1",12,"Feature8","x6*x6",0.405758830826551
"P2",12,"Feature1","troot(x4*x4)",1
"P2",12,"Feature2","x6*troot(x4*x4)",0.999970362110973
"P2",12,"Feature3","x9",0.535868057414744
"P2",12,"Feature4","x5",0.2547319464995
"P2",12,"Feature5","x6",0.0288885769015503
"P2",12,"Feature6","troot(x9)",0.00118829990092142
"P3",12,"Feature1","x4",1
"P3",12,"Feature2","x4*x6",1
"P3",12,"Feature3","troot(x4)",1
"P3",12,"Feature4","(x4*x10)*(x4*x10)",1
"P3",12,"Feature5","troot(x4)*x4",1
"P3",12,"Feature6","troot(troot(x4)*x4)",1
"P3",12,"Feature7","exp_dbl(troot(x4))",1
"P3",12,"Feature8","troot(x4*x6)",0.99999999999973
"P3",12,"Feature9","x6",0.999999984130347
"P3",12,"Feature10","x6*((x10*(x4*x10))*x4)",0.999999775594468
"P3",12,"Feature11","x10*(x4*x10)",0.953642004975451
"P3",12,"Feature12","x8",0.0750758000422985
"P3",12,"Feature13","troot(x4)*(x4*x10)",0.046358348577802
"P4",12,"Feature1","x4*x8",0.998290649069493
"P4",12,"Feature2","troot((x4*x4)*x6)",0.998290649069493
"P4",12,"Feature3","x4",0.997295329747523
"P4",12,"Feature4","x6",0.172508758768114
"P4",12,"Feature5","troot(x4)*troot(x4)",0.00170935036005547
"P4",12,"Feature6","x9*(troot(x4)*troot(x4))",0.00170734959057215
"P4",12,"Feature7","x7*(troot(x4)*troot(x4))",0.00170734959057215
"P4",12,"Feature8","x5",0.00155692486414896
"P4",12,"Feature9","x4*x4",0.00150928164550771
"P4",12,"Feature10","sin_deg(x5)",0.00146268424253254
"P6",12,"Feature1","troot(x4*x4)",0.999794557195212
"P6",12,"Feature2","x6*troot(x4*x4)",0.999794556635533
"P6",12,"Feature3","x9",0.564634494468189
"P6",12,"Feature4","x6",0.197026407712556
"P6",12,"Feature5","x4",0.101556557599695
"P5",13,"Feature1","x4",0.999999791427767
"P5",13,"Feature2","troot(1+((x4*x4)+(((x8*x2)*x4)+x4)))*x9",0.942031996670545
"P5",13,"Feature3","troot(1+((x4*x4)+(((x8*x2)*x4)+x4)))",0.942031996670545
"P5",13,"Feature4","x1*x4",0.942031996670545
"P5",13,"Feature5","x4*x7",0.942031996633966
"P5",13,"Feature6","x6*(x4*x7)",0.942031996633964
"P5",13,"Feature7","sigmoid(x4)",0.942031769121886
"P5",13,"Feature8","x9*(x1*x4)",0.940090570216022
"P5",13,"Feature9","x7",0.113464674914683
"P5",13,"Feature10","x9",0.0855003153137111
"P5",13,"Feature11","x2*(troot(x4*x4)*troot(x2*(x4*x4)))",0.0579680033294551
"P5",13,"Feature12","troot(x4*x4)",0.0579680033294551
"P5",13,"Feature13","x2*(x4*x4)",0.0579680033294551
"P5",13,"Feature14","(x4*x8)*(x4*x8)",0.0579680033294551
"P5",13,"Feature15","x4*x6",0.0579323322485118
"P5",13,"Feature16","x6",0.0576281980021532
"P1",13,"Feature1","troot(x4*x4)",1
"P1",13,"Feature2","troot(x4*x4)*x6",1
"P1",13,"Feature3","x5",0.40816440095505
"P1",13,"Feature4","x3",0.232980430818294
"P1",13,"Feature5","x4",0.0801398699280937
"P1",13,"Feature6","x10",0.0045430852357675
"P2",13,"Feature1","x4*x1",0.999998623243669
"P2",13,"Feature2","troot((x4*x6)*x4)",0.999990618644224
"P2",13,"Feature3","x4*x8",0.999990618644224
"P2",13,"Feature4","x4*x6",0.999990618644224
"P2",13,"Feature5","x9*x4",0.99999061849178
"P2",13,"Feature6","x6",0.083679131225052
"P3",13,"Feature1","troot(x4*x4)",1
"P3",13,"Feature2","troot(x4)*(troot(x4)*x6)",1
"P3",13,"Feature3","x9",0.59755540194816
"P3",13,"Feature4","x6",0.21838505505511
"P3",13,"Feature5","x4",0.0677273073704262
"P3",13,"Feature6","x5*x1",0.0564418935474646
"P3",13,"Feature7","troot(x4)",0.00255639295372175
"P4",13,"Feature1","troot(x4*(x9*x4))",1
"P4",13,"Feature2","troot(x4*(x7*x4))*x9",1
"P4",13,"Feature3","x2*x1",0.999999993666277
"P4",13,"Feature4","x1",0.991753675647434
"P4",13,"Feature5","x8",0.920310906750891
"P4",13,"Feature6","x5",0.706058988930698
"P4",13,"Feature7","x7",0.167546258628983
"P4",13,"Feature8","x2",0.0326201514237558
"P4",13,"Feature9","x8*x8",0.00143021121240422
"P6",13,"Feature1","troot(x4)*troot(x4)",0.99999999999986
"P6",13,"Feature2","x6*(troot(x4)*troot(x4))",0.99999999999986
"P6",13,"Feature3","x9",0.644228344859511
"P6",13,"Feature4","x6",0.186373530989665
"P6",13,"Feature5","x1",0.135406177250167
"P5",14,"Feature1","troot((x6*x4)*x4)",1
"P5",14,"Feature2","(x6*x4)*x10",0.999503320574172
"P5",14,"Feature3","x4*(x4*x10)",0.99950306746183
"P5",14,"Feature4","x4",0.56374127793493
"P5",14,"Feature5","sin_deg(x9)",0.00145002435973156
"P1",14,"Feature1","troot(x4*x4)",1
"P1",14,"Feature2","x6*(troot(x4)*troot(x4))",0.999999999999965
"P1",14,"Feature3","x9",0.537404017414342
"P1",14,"Feature4","x5",0.481936495564917
"P1",14,"Feature5","x3",0.155719422540127
"P1",14,"Feature6","troot(x4)",0.00388170809372253
"P1",14,"Feature7","sin_deg(x9)",0.00169177979566683
"P1",14,"Feature8","exp_dbl(x7)",0.0016661683900867
"P2",14,"Feature1","troot(x4*x4)",1
"P2",14,"Feature2","x5",0.999998380532495
"P2",14,"Feature3","x4",0.999996875940052
"P2",14,"Feature4","x9*troot(x4*x4)",0.999996776378859
"P2",14,"Feature5","sin_deg(x5)",0.999996755509047
"P2",14,"Feature6","x6*x4",0.999996748100004
"P2",14,"Feature7","x7*x9",0.99903204324523
"P2",14,"Feature8","x7",0.994510735125458
"P2",14,"Feature9","x7*x4",0.958985703016344
"P2",14,"Feature10","x9",0.143987118397352
"P2",14,"Feature11","(x6*x4)*x7",0.0411404816961042
"P2",14,"Feature12","sin_deg(x7)",0.0126209585693067
"P3",14,"Feature1","x6*(troot(x4)*troot(x4))",1
"P3",14,"Feature2","troot(x4)*troot(x4)",1
"P3",14,"Feature3","x9",0.678794184831352
"P3",14,"Feature4","x5",0.527429730298409
"P3",14,"Feature5","x6",0.290420719721398
"P3",14,"Feature6","x1",0.159446217073259
"P4",14,"Feature1","troot((x4*x4)*x6)",0.999999999737478
"P4",14,"Feature2","x4",0.999982938481163
"P4",14,"Feature3","sigmoid(x4)",0.999982938033797
"P4",14,"Feature4","x4*x6",0.999982936262466
"P4",14,"Feature5","x4*x7",0.999982936173954
"P4",14,"Feature6","x4*x9",0.999982935885133
"P4",14,"Feature7","sin_deg(x5)",0.999982661994049
"P4",14,"Feature8","sigmoid(x5)",0.99996001696812
"P4",14,"Feature9","x8",0.102007422760432
"P6",14,"Feature1","x6*troot(x4*x4)",1
"P6",14,"Feature2","troot(x4*x4)",1
"P6",14,"Feature3","x7",0.389520816988605
"P6",14,"Feature4","x9",0.354801879316825
"P6",14,"Feature5","troot(x4*(x8*x4))",0.354581614291755
"P6",14,"Feature6","x5*x1",0.354581614291755
"P6",14,"Feature7","x6",0.35452612288329
"P6",14,"Feature8","exp_dbl(x7)",0.345263325127441
"P6",14,"Feature9","x5",0.290968318947854
"P6",14,"Feature10","sigmoid(x7)",0.00943460687661434
"P5",15,"Feature1","x4",0.999999587556078
"P5",15,"Feature2","x3*x4",0.999992787868786
"P5",15,"Feature3","troot(x4)",0.999992787868786
"P5",15,"Feature4","x4*x4",0.999992787868786
"P5",15,"Feature5","x4*x10",0.999992787868786
"P5",15,"Feature6","x7",0.999992787868786
"P5",15,"Feature7","exp_dbl(troot(x4))",0.999992787868594
"P5",15,"Feature8","(x4*x4)*x3",0.999989704448583
"P5",15,"Feature9","troot(troot(x4))",0.999954631693916
"P5",15,"Feature10","x4*(x4*x10)",0.998015937062341
"P5",15,"Feature11","x9",0.599868207393952
"P5",15,"Feature12","x3*(x4*(x4*x10))",0.00197993422748291
"P1",15,"Feature1","(troot(x4)*x6)*troot(x4)",0.99964114499259
"P1",15,"Feature2","((troot(x4)*x6)*troot(x4))*x6",0.99964114499259
"P1",15,"Feature3","x6",0.972288838943758
"P1",15,"Feature4","x4",0.0726586098051474
"P1",15,"Feature5","troot(x6)",0.0275238407907137
"P2",15,"Feature1","troot(x4*(x4*x6))",0.988138349108387
"P2",15,"Feature2","x4",0.93191266535074
"P2",15,"Feature3","x4*x6",0.924557996318147
"P2",15,"Feature4","troot(x4*x4)",0.0725861011186423
"P2",15,"Feature5","x1",0.0721942131688918
"P2",15,"Feature6","troot(x4*x4)*x6",0.0120141643116395
"P2",15,"Feature7","x9",0.00689857651445821
"P2",15,"Feature8","x5",0.00565465232087465
"P2",15,"Feature9","x6",0.00350890908211675
"P2",15,"Feature10","x6*(x4*x6)",0.00272683786679544
"P2",15,"Feature11","x3",0.00197341534873636
"P3",15,"Feature1","troot((x4*exp_dbl(1))*x4)",1
"P3",15,"Feature2","troot((x4*exp_dbl(1))*x4)*x6",1
"P3",15,"Feature3","x9",0.564034481758117
"P3",15,"Feature4","x6",0.190854439378516
"P3",15,"Feature5","x10",0.109139622720707
"P3",15,"Feature6","troot(x10)",0.00137254337775869
"P4",15,"Feature1","troot(x4)*(exp_dbl(exp_dbl(troot(x4)))*(x6*troot(x4)))",1
"P4",15,"Feature2","troot(x4)*troot(x4)",1
"P4",15,"Feature3","x5",0.277185567903665
"P4",15,"Feature4","x4",0.11968049992221
"P6",15,"Feature1","troot((x6*x4)*x4)",1
"P6",15,"Feature2","x4*x2",0.999853834987086
"P6",15,"Feature3","x4",0.234223800219125
"P6",15,"Feature4","x2",0.0600806922664127
"P6",15,"Feature5","x7",0.0242397424859737
"P6",15,"Feature6","x1",0.00442390664637993
"P5",16,"Feature1","troot(x4)*troot(x4)",0.988477223911009
"P5",16,"Feature2","x6*(troot(x4)*troot(x4))",0.977493806742355
"P5",16,"Feature3","x5",0.326708206532419
"P5",16,"Feature4","x1",0.121001727111164
"P5",16,"Feature5","x8",0.0633219069162732
"P5",16,"Feature6","x5*x5",0.0191281939046695
"P5",16,"Feature7","x4",0.0113813084377537
"P5",16,"Feature8","troot((x9*x4)*(x9*x4))",0.0113813084377537
"P5",16,"Feature9","x6*(x9*x4)",0.0113813084377537
"P5",16,"Feature10","(x6*(x6*(x9*x4)))*x7",0.0113813084377537
"P5",16,"Feature11","x5*x4",0.0113813084377534
"P5",16,"Feature12","(x5*x4)*(x5*x4)",0.0113813084377451
"P5",16,"Feature13","sigmoid(x6)*(troot(x4)*troot(x4))",0.0112663524734098
"P5",16,"Feature14","troot(x9)",0.00935208628614273
"P1",16,"Feature1","troot(x4)",1
"P1",16,"Feature2","sigmoid(troot(x4))",1
"P1",16,"Feature3","(x4*x3)*x4",1
"P1",16,"Feature4","x10*((x4*x3)*x4)",1
"P1",16,"Feature5","(x4*(x10*x2))*x4",1
"P1",16,"Feature6","((x4*x3)*x4)*x6",1
"P1",16,"Feature7","sigmoid(sin_deg(x4))*((x4*(x10*x2))*x4)",1
"P1",16,"Feature8","x6*x4",1
"P1",16,"Feature9","x4*x3",0.999999043493564
"P1",16,"Feature10","(x4*x3)*x6",0.999856694675557
"P1",16,"Feature11","exp_dbl(x6)",0.999119860884267
"P1",16,"Feature12","troot(x10*((x4*x3)*x4))",0.728085705053535
"P2",16,"Feature1","troot(x4*x4)",1
"P2",16,"Feature2","troot(x4*x4)*x9",0.999997076006896
"P2",16,"Feature3","x5",0.99999707597941
"P2",16,"Feature4","sigmoid(x5)",0.999997055784367
"P2",16,"Feature5","x7*troot(x4*x4)",0.999989288590137
"P2",16,"Feature6","x8",0.788380103034816
"P2",16,"Feature7","x7",0.0960959386064191
"P3",16,"Feature1","troot(x4*x4)",1
"P3",16,"Feature2","(troot(x4)*troot(x4))*x6",1
"P3",16,"Feature3","x5",0.38455153098769
"P3",16,"Feature4","x7",0.162268346616052
"P3",16,"Feature5","x8",0.070016135327144
"P4",16,"Feature1","x5",0.820176882121803
"P4",16,"Feature2","x9",0.708890771766712
"P4",16,"Feature3","x9*troot((x4*x9)*(exp_dbl(x7)*x4))",0.662546611515281
"P4",16,"Feature4","x7*troot(x4*(x7*x4))",0.662546611515281
"P4",16,"Feature5","troot(x4*(x7*x4))",0.662546611515281
"P4",16,"Feature6","sigmoid(x5)",0.662546611515264
"P4",16,"Feature7","(troot(x4)*troot(x4))*x6",0.337453388484719
"P4",16,"Feature8","troot(x4)*troot(x4)",0.337453388484719
"P4",16,"Feature9","x8",0.247092892752874
"P4",16,"Feature10","x7",0.124959655281341
"P4",16,"Feature11","x3",0.0451463768430419
"P6",16,"Feature1","troot(x4*x4)",1
"P6",16,"Feature2","x6*troot(x4*x4)",0.999947522486581
"P6",16,"Feature3","x6",0.120127430181033
"P5",17,"Feature1","troot(x4)*troot(x4)",1
"P5",17,"Feature2","x7",0.999999954466933
"P5",17,"Feature3","(troot(x4)*troot(x4))*x8",0.999999854065026
"P5",17,"Feature4","x4*x8",0.999999802630873
"P5",17,"Feature5","x8*troot(x4)",0.9999998026308
"P5",17,"Feature6","(x4*x8)*x3",0.999999751004272
"P5",17,"Feature7","x8",0.999804345885423
"P5",17,"Feature8","x4",0.0737421766553305
"P1",17,"Feature1","troot(x4*x4)",1
"P1",17,"Feature2","x6*troot(x4*x4)",0.999999981906047
"P1",17,"Feature3","x5",0.363804552251201
"P1",17,"Feature4","x6",0.076159725955572
"P1",17,"Feature5","x5*x6",0.00212475415089944
"P2",17,"Feature1","troot(x4)*troot(x4)",1
"P2",17,"Feature2","x6*(troot(x4)*troot(x4))",0.999999914452579
"P2",17,"Feature3","x9",0.322865270918774
"P2",17,"Feature4","x5",0.265031488090036
"P2",17,"Feature5","x6*x9",0.00650697896231753
"P2",17,"Feature6","x9*x9",0.00196015770006151
"P2",17,"Feature7","x7",0.00156306219105569
"P3",17,"Feature1","x8*(troot(x4)*troot(x4))",0.999999999999998
"P3",17,"Feature2","(((x8*x4)*(x8*x4))*x7)*troot(x1)",0.999999999999998
"P3",17,"Feature3","troot(x4)*troot(x4)",0.999999999999998
"P3",17,"Feature4","troot(sigmoid(x8*(troot(x4)*troot(x4))))",0.999999999999998
"P3",17,"Feature5","troot(x9)",0.999999999999998
"P3",17,"Feature6","(troot(x4)*troot(x4))*x7",0.999999999999998
"P3",17,"Feature7","x8*troot(x4)",0.989945802823564
"P3",17,"Feature8","x4",0.126728579980204
"P4",17,"Feature1","troot(x4*x4)",1
"P4",17,"Feature2","x7*troot(x4*x4)",0.99999895536482
"P4",17,"Feature3","x9*troot(x4*x4)",0.99999895536482
"P4",17,"Feature4","x5",0.999962959008279
"P4",17,"Feature5","sigmoid(x5)",0.977197686054888
"P4",17,"Feature6","x8",0.778687294416126
"P4",17,"Feature7","x10",0.0561399215772717
"P4",17,"Feature8","exp_dbl(x5)",0.0237158886410173
"P6",17,"Feature1","troot(x4*x4)",1
"P6",17,"Feature2","x9*troot(x4*x4)",0.999999999129175
"P6",17,"Feature3","x5*x5",0.999999999129175
"P6",17,"Feature4","x7*troot(x4*x4)",0.999999999129113
"P6",17,"Feature5","x5",0.383380755124391
"P6",17,"Feature6","x7*x7",0.00263592558055585
"P5",18,"Feature1","x9*troot(x4)",0.99998197402506
"P5",18,"Feature2","x9*(troot(x4)*troot(x4))",0.99998197402506
"P5",18,"Feature3","troot(x4)*x7",0.99998197402506
"P5",18,"Feature4","troot(x4)*troot(x4)",0.99998197402506
"P5",18,"Feature5","x5",0.999981963542935
"P5",18,"Feature6","sigmoid(x5)",0.999980756665003
"P5",18,"Feature7","x7",0.991754491489608
"P5",18,"Feature8","x8",0.613767856368274
"P5",18,"Feature9","x9",0.112511342169209
"P1",18,"Feature1","x4",0.999999344768759
"P1",18,"Feature2","troot(x6*(x4*x4))",0.999999272113518
"P1",18,"Feature3","x4*x6",0.999999272087661
"P1",18,"Feature4","x5",0.355240348283643
"P1",18,"Feature5","x6",0.116492118949425
"P1",18,"Feature6","x1",0.10114028875132
"P2",18,"Feature1","troot(x4*x4)",1
"P2",18,"Feature2","troot(x6*(x4*x4))",0.999853332154555
"P2",18,"Feature3","x4",0.0902354395573483
"P3",18,"Feature1","x4",0.999999999999998
"P3",18,"Feature2","troot(troot(x4))*(x9*x4)",0.999739002367542
"P3",18,"Feature3","x7*troot(x4)",0.999739002367542
"P3",18,"Feature4","x9*x4",0.999739002367542
"P3",18,"Feature5","troot(troot(x4))",0.999739002367542
"P3",18,"Feature6","troot(x4)*(x9*x4)",0.999739002367542
"P3",18,"Feature7","troot(x4)",0.999739002367542
"P3",18,"Feature8","exp_dbl(troot(x4))",0.99973900236752
"P3",18,"Feature9","(troot(x4)*(x9*x4))*troot(x4)",0.999734840556056
"P3",18,"Feature10","x9",0.999451894545832
"P3",18,"Feature11","x5",0.999017159956472
"P3",18,"Feature12","x8",0.265595670404202
"P4",18,"Feature1","troot(x4*x4)",0.999999999999998
"P4",18,"Feature2","x9*troot(x4*x4)",0.999999999999897
"P4",18,"Feature3","x7*troot(x4*x4)",0.999999999999895
"P4",18,"Feature4","x5*x5",0.999999979142289
"P4",18,"Feature5","x5",0.385011475099801
"P6",18,"Feature1","troot(x4*(x6*x4))",1
"P6",18,"Feature2","x4",0.979234563170547
"P6",18,"Feature3","x6*x4",0.973520816530843
"P6",18,"Feature4","x2",0.0859170782697623
"P6",18,"Feature5","x7",0.0705800470408985
"P6",18,"Feature6","x3",0.0600834300193515
"P6",18,"Feature7","x2*x4",0.0270243231620452
"P5",19,"Feature1","troot(x4)*troot(x4)",1
"P5",19,"Feature2","x6*(troot(x4)*troot(x4))",0.999999989416755
"P5",19,"Feature3","x9",0.572458401488469
"P5",19,"Feature4","x5",0.449371684491031
"P5",19,"Feature5","x1",0.0469677735464107
"P5",19,"Feature6","x2",0.0465532737181632
"P5",19,"Feature7","troot(x4)",0.00220344728284619
"P1",19,"Feature1","x2*x4",1
"P1",19,"Feature2","x6*(x2*x4)",1
"P1",19,"Feature3","x4",1
"P1",19,"Feature4","x7*x4",1
"P1",19,"Feature5","troot(x9*(x4*x4))",1
"P1",19,"Feature6","x4*x3",1
"P1",19,"Feature7","x4*x4",0.999999999999999
"P1",19,"Feature8","x7",0.999999999999916
"P1",19,"Feature9","x4*(x2*x4)",0.999999999989017
"P1",19,"Feature10","x5",0.965098144310113
"P1",19,"Feature11","x1*x4",0.0285155924160037
"P2",19,"Feature1","x6*troot(x4*x4)",0.999999999999999
"P2",19,"Feature2","troot(x4*x4)",0.999999999999999
"P2",19,"Feature3","x9",0.464617941924187
"P2",19,"Feature4","x7",0.138305926651383
"P2",19,"Feature5","x4",0.0502811098409803
"P2",19,"Feature6","x6*x7",0.00176075412305256
"P3",19,"Feature1","x10*(x8*x4)",0.999999994732045
"P3",19,"Feature2","x8*x4",0.999999994732045
"P3",19,"Feature3","troot(1+((x4*x4)+x6))",0.999999994732045
"P3",19,"Feature4","x4*(x8*x4)",0.999999994732045
"P3",19,"Feature5","x7",0.99999998595922
"P3",19,"Feature6","x5",0.999509098791713
"P3",19,"Feature7","exp_dbl(x4)",0.982097665492905
"P3",19,"Feature8","x9",0.894963676000141
"P3",19,"Feature9","x6",0.175054483578696
"P3",19,"Feature10","x8",0.127403340397709
"P3",19,"Feature11","x4",0.0655685653476747
"P4",19,"Feature1","x9",0.6688214272433
"P4",19,"Feature2","x7",0.546790812526191
"P4",19,"Feature3","x4",0.510344131257356
"P4",19,"Feature4","troot(x4*x4)",0.507010951931725
"P4",19,"Feature5","troot(x4*x4)*x6",0.503273246895257
"P4",19,"Feature6","x7*x4",0.493084258855408
"P4",19,"Feature7","x5*(x4*x4)",0.492989464656598
"P4",19,"Feature8","troot(x4*x9)*troot(x4*x9)",0.492989048068275
"P4",19,"Feature9","x4*x6",0.492989048068275
"P4",19,"Feature10","x4*x5",0.49298904806826
"P4",19,"Feature11","x9*(x4*x5)",0.492988924221409
"P4",19,"Feature12","x5",0.127065678991
"P4",19,"Feature13","x6",0.0743090461553436
"P4",19,"Feature14","sin_deg(x7)",0.00388248333258978
"P4",19,"Feature15","troot(x4)*troot(x4*x6)",0.00373770503646827
"P6",19,"Feature1","troot((x6*x4)*(x6*x4))*x6",0.99999999979845
"P6",19,"Feature2","troot((x6*x4)*(x6*x4))",0.99999999979845
"P6",19,"Feature3","x6",0.999999999797179
"P6",19,"Feature4","x9",0.283941351363073
"P6",19,"Feature5","x4",0.0523318788505271
"P5",20,"Feature1","(troot(x4)*troot(x4))*x6",1
"P5",20,"Feature2","troot(x4)*troot(x4)",1
"P5",20,"Feature3","x6",0.121536438412537
"P5",20,"Feature4","x10",0.104722669974295
"P5",20,"Feature5","x2",0.0261598250708596
"P1",20,"Feature1","troot(x4*(x6*x4))",1
"P1",20,"Feature2","x4",0.999772567484985
"P1",20,"Feature3","x4*x6",0.993903377201041
"P1",20,"Feature4","x6",0.171638516517032
"P1",20,"Feature5","x6*(x6*x4)",0.00590167021710493
"P1",20,"Feature6","x6*x6",0.00135362446122707
"P2",20,"Feature1","x6*troot(x4*x4)",1
"P2",20,"Feature2","troot(x4*x4)",1
"P2",20,"Feature3","x9",0.597987294888388
"P2",20,"Feature4","x5",0.471274038135841
"P2",20,"Feature5","x4",0.0904956857729043
"P3",20,"Feature1","troot(x4*x4)*sin_deg(x6)",1
"P3",20,"Feature2","troot(x4*x4)",1
"P3",20,"Feature3","x5",0.494253968220593
"P3",20,"Feature4","sigmoid(x5*x4)",0.192994219390322
"P3",20,"Feature5","x4",0.0569087401823519
"P4",20,"Feature1","troot(x3+((x6*x4)*x4))*sigmoid(x4)",1
"P4",20,"Feature2","x4",0.999999842017588
"P4",20,"Feature3","x6*x4",0.806772332326294
"P4",20,"Feature4","x4*x9",0.721158816821041
"P4",20,"Feature5","x5",0.532151136112413
"P4",20,"Feature6","x9",0.0541694293395287
"P6",20,"Feature1","troot(x4*x4)",0.99999999999752
"P6",20,"Feature2","x7*(troot(x4)*troot(x4))",0.999385186705165
"P6",20,"Feature3","x9*(troot(x4)*troot(x4))",0.999385186705165
"P6",20,"Feature4","x5",0.99938484180586
"P6",20,"Feature5","sigmoid(x5)",0.999258851994069
"P6",20,"Feature6","x7",0.148086627707551
"P6",20,"Feature7","x6",0.0918092156755524
"P6",20,"Feature8","x3",0.0870720687358501
"P5",21,"Feature1","x4",1
"P5",21,"Feature2","troot(x4*x4)*(x4*x3)",0.91763330439184
"P5",21,"Feature3","x4*sigmoid(x6)",0.91763330439184
"P5",21,"Feature4","x4*troot(x4*x4)",0.91763330439184
"P5",21,"Feature5","x4*x3",0.91763330439184
"P5",21,"Feature6","troot(x4*x4)",0.91763330439184
"P5",21,"Feature7","x4*x4",0.91763330439184
"P5",21,"Feature8","sin_deg(troot(x4*x4))",0.91763330439184
"P5",21,"Feature9","sin_deg(troot(x4*x4))*x6",0.917632605218632
"P5",21,"Feature10","x5",0.5103652295652
"P5",21,"Feature11","x6",0.156934800681275
"P5",21,"Feature12","x2",0.110981016639388
"P5",21,"Feature13","troot(troot(x4))",0.0823666956081596
"P5",21,"Feature14","troot(x4)",0.0823666956081596
"P5",21,"Feature15","exp_dbl(troot(x4))",0.0823666956081596
"P5",21,"Feature16","(x3*x4)*(x3*x4)",0.0823666956081596
"P5",21,"Feature17","x2*x4",0.0823666956081596
"P5",21,"Feature18","x4*troot(troot(x4))",0.0823666956081596
"P5",21,"Feature19","x7",0.0823666956081524
"P5",21,"Feature20","x4*(x2*x4)",0.0820467957873872
"P5",21,"Feature21","x9",0.0671938248182222
"P5",21,"Feature22","x6*x6",0.00219214485637202
"P1",21,"Feature1","troot(x4*x4)",1
"P1",21,"Feature2","x4",1
"P1",21,"Feature3","troot(x4*x4)*x9",1
"P1",21,"Feature4","x4*x7",1
"P1",21,"Feature5","x8*(troot(x7)*x4)",0.999999530365311
"P1",21,"Feature6","troot(x7)*x4",0.001176654020182
"P2",21,"Feature1","x4",0.999997574236684
"P2",21,"Feature2","troot(x4*(x6*x4))",0.999997574236684
"P2",21,"Feature3","x4*x7",0.995161402534323
"P2",21,"Feature4","x5",0.452854399785316
"P2",21,"Feature5","x6*x4",0.00483617170560145
"P3",21,"Feature1","troot(x4*x4)",0.999999999999999
"P3",21,"Feature2","x5",0.999999217794703
"P3",21,"Feature3","(troot(x4*x4)*x9)*(x7*x7)",0.999988617432653
"P3",21,"Feature4","troot(x4*x4)*x9",0.999959114399376
"P3",21,"Feature5","x1",0.189733958038705
"P3",21,"Feature6","x7",0.184363825143077
"P3",21,"Feature7","x9",0.0809044975492077
"P3",21,"Feature8","sigmoid(x7)",0.00195481895594779
"P3",21,"Feature9","x7*x7",0.00102531854513211
"P4",21,"Feature1","(x9*troot(x4))*(x9*troot(x4))",1
"P4",21,"Feature2","troot(x4)*x4",1
"P4",21,"Feature3","sin_deg(troot(x4))*troot(x4)",1
"P4",21,"Feature4","(sin_deg(troot(x4))*troot(x4))*x7",0.999999999999999
"P4",21,"Feature5","x5",0.99998846909713
"P4",21,"Feature6","x4",0.990498595138984
"P4",21,"Feature7","exp_dbl(x5)",0.915113136341046
"P4",21,"Feature8","x8",0.715335852291331
"P4",21,"Feature9","x7",0.533179197296918
"P4",21,"Feature10","x4*x7",0.0219150937601723
"P6",21,"Feature1","troot(x4)*(x9*troot(x4))",1
"P6",21,"Feature2","x9*(troot(x4)*(x9*troot(x4)))",1
"P6",21,"Feature3","x1*x4",1
"P6",21,"Feature4","x9",0.999999997727576
"P6",21,"Feature5","x7*(troot(x4)*(x9*troot(x4)))",0.999999997727568
"P6",21,"Feature6","x6",0.928995237726764
"P6",21,"Feature7","x2",0.148508381730889
"P6",21,"Feature8","x6*x9",0.00641615438925049
"P5",22,"Feature1","troot((x4*x4)*x9)",0.999408914217362
"P5",22,"Feature2","troot((x4*x4)*x7)*x6",0.99940527530346
"P5",22,"Feature3","x5*x5",0.909970462090243
"P5",22,"Feature4","x5",0.343841447885933
"P5",22,"Feature5","x3",0.140572215863596
"P5",22,"Feature6","x2",0.0634946659763167
"P5",22,"Feature7","x9",0.0445940411217198
"P1",22,"Feature1","(x9*troot(x4*(x9*x4)))*x7",0.999999999999712
"P1",22,"Feature2","troot(x4*(x9*x4))",0.999999999999712
"P1",22,"Feature3","x7",0.999895667050749
"P1",22,"Feature4","x5",0.9981049633321
"P1",22,"Feature5","x6",0.986123650362071
"P1",22,"Feature6","sigmoid(x5)",0.858536659788955
"P1",22,"Feature7","x8",0.632198850513483
"P1",22,"Feature8","x1",0.0714970241650162
"P1",22,"Feature9","troot(x5)",0.0184900896516512
"P1",22,"Feature10","troot(x6)",0.00400008093225231
"P2",22,"Feature1","troot(x4*x4)",0.999999976344801
"P2",22,"Feature2","x9*troot(x4*x4)",0.99999997624189
"P2",22,"Feature3","troot(x4*x4)*x7",0.99999997624189
"P2",22,"Feature4","sin_deg(x5)",0.999999807950207
"P2",22,"Feature5","x5",0.999999799185032
"P2",22,"Feature6","x10",0.0758473678455133
"P3",22,"Feature1","troot(x4*x4)",0.999991317570521
"P3",22,"Feature2","x6*troot(x4*x4)",0.999991317570521
"P3",22,"Feature3","x9",0.579246798848388
"P3",22,"Feature4","x5",0.475758791759576
"P3",22,"Feature5","troot(x9)",0.00619688823739001
"P3",22,"Feature6","x9*x5",0.00278145583163994
"P4",22,"Feature1","troot((x4*x4))",0.999999999996475
"P4",22,"Feature2","x5",0.999920595305454
"P4",22,"Feature3","x9*(troot(x4)*troot(x4))",0.999851747672958
"P4",22,"Feature4","x7*(troot(x4)*troot(x4))",0.999851747672958
"P4",22,"Feature5","sin_deg(x5)",0.999851747672958
"P4",22,"Feature6","x8",0.770005688418469
"P6",22,"Feature1","x5",1
"P6",22,"Feature2","x9*troot(x4*x4)",1
"P6",22,"Feature3","troot(x4*x4)*sigmoid(exp_dbl(x7))",0.999999999988273
"P6",22,"Feature4","x7*troot(x4*x4)",0.999999999988273
"P6",22,"Feature5","sigmoid(x5)",0.999996636783321
"P6",22,"Feature6","x2",0.0729003770565294
"P5",23,"Feature1","troot(x4*x4)",1
"P5",23,"Feature2","x4*x4",1
"P5",23,"Feature3","x7*x4",1
"P5",23,"Feature4","troot(x7*x4)",0.999999999901202
"P5",23,"Feature5","x9",0.999999942318499
"P5",23,"Feature6","((x4*x3)*x5)*x4",0.999999804892545
"P5",23,"Feature7","x4*x10",0.999965325566084
"P5",23,"Feature8","x4",0.967744835746767
"P5",23,"Feature9","x8",0.424202364478496
"P5",23,"Feature10","(x4*x10)*x7",0.265721240358442
"P5",23,"Feature11","troot(x4)",0.251058888255808
"P1",23,"Feature1","troot(x4*(x4*x6))",0.980858912849951
"P1",23,"Feature2","x4",0.980517262198659
"P1",23,"Feature3","x4*x6",0.974808975972443
"P1",23,"Feature4","x7",0.0808829849663913
"P1",23,"Feature5","troot(x4*x4)",0.0194529988355826
"P1",23,"Feature6","x6*troot(x4*x4)",0.01913745673606
"P1",23,"Feature7","(x4*x6)*x6",0.00579006857067923
"P1",23,"Feature8","x6",0.00229997352444601
"P2",23,"Feature1","troot(x4*x4)",0.99994036032511
"P2",23,"Feature2","x9*troot(x4*x4)",0.99994036032511
"P2",23,"Feature3","x7*troot(x4*x4)",0.999929572916824
"P2",23,"Feature4","x5",0.900848787951729
"P2",23,"Feature5","sigmoid(x5)",0.900848690495019
"P2",23,"Feature6","x8",0.760390034235694
"P2",23,"Feature7","x7",0.12962285630635
"P2",23,"Feature8","x5*x5",0.0990915721135632
"P2",23,"Feature9","x9",0.0654379954544401
"P2",23,"Feature10","x4",0.0631719684138652
"P2",23,"Feature11","x1",0.0120482762679038
"P3",23,"Feature1","troot(x4)*troot(x6*x4)",0.999999999968627
"P3",23,"Feature2","x4*x3",0.982119623824796
"P3",23,"Feature3","x9*(x4*x3)",0.777945240039807
"P4",23,"Feature1","troot(x4*x4)",0.999999999920481
"P4",23,"Feature2","troot(x4*x4)*x6",0.999999999920481
"P4",23,"Feature3","x9",0.522401936324681
"P4",23,"Feature4","x6",0.183186469418865
"P4",23,"Feature5","x2",0.0626831609181564
"P6",23,"Feature1","x5",0.998302809904197
"P6",23,"Feature2","troot(x4*x4)",0.996944935007536
"P6",23,"Feature3","troot(x4*x4)*x9",0.996944935007536
"P6",23,"Feature4","(x7*troot(x4*x4))*x7",0.996944840171629
"P6",23,"Feature5","sigmoid(x5)",0.996944840171563
"P6",23,"Feature6","x8",0.651315479535988
"P6",23,"Feature7","x7",0.15871943051185
"P6",23,"Feature8","x3",0.0844962573380924
"P6",23,"Feature9","sigmoid(x8)",0.00493524022004725
"P6",23,"Feature10","troot(x4*(x6*x4))",0.00305506499246415
"P6",23,"Feature11","x4",0.00305506499089328
"P6",23,"Feature12","x6*x4",0.00305506498983131
"P5",24,"Feature1","x4",1
"P5",24,"Feature2","x4*x8",1
"P5",24,"Feature3","troot(x4)",1
"P5",24,"Feature4","x10*(x8*x4)",0.999998691211203
"P5",24,"Feature5","troot(x4)*(troot(x4)*troot(troot(x4)))",0.999998691211203
"P5",24,"Feature6","troot(x4)*troot(troot(x4))",0.999998691211203
"P5",24,"Feature7","(x8*x4)*x4",0.999998691211203
"P5",24,"Feature8","x6",0.999998682533463
"P5",24,"Feature9","troot(x4)*x6",0.999998666811876
"P5",24,"Feature10","x5",0.999939484134211
"P5",24,"Feature11","x9",0.975975592973617
"P5",24,"Feature12","sigmoid(x4)",0.586486184413392
"P5",24,"Feature13","x7",0.56568024778446
"P1",24,"Feature1","x4",1
"P1",24,"Feature2","x9*x4",1
"P1",24,"Feature3","x9*(x7*x4)",1
"P1",24,"Feature4","troot((x7*x4)*x4)",0.999999999997717
"P1",24,"Feature5","x7",0.999999980198851
"P1",24,"Feature6","x5*x4",0.999980760220547
"P1",24,"Feature7","x9*(x5*x4)",0.999980760220332
"P1",24,"Feature8","troot((x9*(x7*x4))*x4)",0.921397518021016
"P1",24,"Feature9","troot(x4)",0.0786024934963908
"P1",24,"Feature10","troot(x9*x4)",0.0782788599955742
"P1",24,"Feature11","x2",0.00573232580547145
"P2",24,"Feature1","troot(x4*x4)",0.999999999995299
"P2",24,"Feature2","troot(x6*(x4*x4))",0.997406335194201
"P2",24,"Feature3","x6*troot(x4*x4)",0.00259366480109896
"P2",24,"Feature4","x9",0.00170825925037341
"P2",24,"Feature5","x5",0.00153320876439134
"P3",24,"Feature1","troot((x6*x4)*x4)",1
"P3",24,"Feature2","x4*x3",0.946512642836027
"P3",24,"Feature3","x6*(x4*x3)",0.791736736486998
"P3",24,"Feature4","x6",0.179667806843226
"P3",24,"Feature5","x4",0.078528819023406
"P3",24,"Feature6","sin_deg(x4)*x4",0.00169520637297287
"P4",24,"Feature1","troot(x4*x4)",1
"P4",24,"Feature2","x6*troot(x4*x4)",0.942672004270328
"P4",24,"Feature3","x2",0.137744929289272
"P4",24,"Feature4","x9*(troot(x4)*troot(x4))",0.057147574581399
"P4",24,"Feature5","x7*(troot(x4)*troot(x4))",0.057147574581399
"P4",24,"Feature6","x5",0.0571475644994713
"P4",24,"Feature7","sigmoid(x5)",0.0556411357926704
"P4",24,"Feature8","exp_dbl(x5)",0.0015330858533405
"P6",24,"Feature1","troot((x4*x4)*x6)",0.918509822093659
"P6",24,"Feature2","(x9*troot((x4*x4)*x6))*x8",0.918509822086363
"P6",24,"Feature3","x5*(x9*troot((x8*x4)*x4))",0.91850953550119
"P6",24,"Feature4","troot((x8*x4)*x4)",0.907854981117847
"P6",24,"Feature5","x8",0.44342937929311
"P6",24,"Feature6","(troot(x4)*troot(x4))*x7",0.0814901779063413
"P6",24,"Feature7","troot(x4)*troot(x4)",0.0814901779063413
"P6",24,"Feature8","(troot(x4)*troot(x4))*x9",0.0814901779063413
"P6",24,"Feature9","x5",0.0814901779063413
"P6",24,"Feature10","sigmoid(x5)",0.0814901779063401
"P6",24,"Feature11","x7",0.0211285151288724
"P6",24,"Feature12","x9",0.0132904470174867
"P6",24,"Feature13","x9*troot((x8*x4)*x4)",0.0106545545948506
"P6",24,"Feature14","sigmoid(x8)",0.00253957466434664
"P6",24,"Feature15","x7*x2",0.0011555095432614
"P5",25,"Feature1","troot((x6*x4)*(x6*x4))",0.999999993895756
"P5",25,"Feature2","x6",0.999948495838345
"P5",25,"Feature3","x4",0.959672437055903
"P5",25,"Feature4","x6*x4",0.957669698923693
"P5",25,"Feature5","x4*x9",0.957664266718449
"P5",25,"Feature6","x9*troot((x6*x4)*(x6*x4))",0.957664266718449
"P5",25,"Feature7","x9",0.956844628309195
"P5",25,"Feature8","x5",0.93209759613638
"P5",25,"Feature9","x7",0.172549683636426
"P5",25,"Feature10","x2",0.0807431582068633
"P5",25,"Feature11","x6*troot((x6*x4)*(x6*x4))",0.042335727177307
"P5",25,"Feature12","troot(x7)",0.00110325194013141
"P1",25,"Feature1","troot(x6*(x4*x4))",1
"P1",25,"Feature2","x4",0.950935821968806
"P1",25,"Feature3","x6*x4",0.941716059186493
"P1",25,"Feature4","x6",0.167956770093282
"P1",25,"Feature5","x10",0.140134512896291
"P1",25,"Feature6","troot(x4*x4)",0.0526939575266425
"P1",25,"Feature7","x4*troot(x6)",0.00559445697487195
"P2",25,"Feature1","x5",0.60927424587454
"P2",25,"Feature2","x4",0.573913724903154
"P2",25,"Feature3","troot(x4*sin_deg(x6))*troot(x4)",0.534220306969428
"P2",25,"Feature4","x2*x4",0.534220306969428
"P2",25,"Feature5","troot((x6*x4)+(x4+(x4*(x6*x4))))",0.453317902099785
"P2",25,"Feature6","x6*x4",0.453317902099785
"P2",25,"Feature7","x6",0.0916054123565612
"P2",25,"Feature8","troot(x4*x6)*troot(x4*x6)",0.012461790930784
"P2",25,"Feature9","troot(x4)*troot(x4)",0.012461790930784
"P2",25,"Feature10","x3",0.00518387745890238
"P2",25,"Feature11","exp_dbl(x4)",0.00111267144080801
"P3",25,"Feature1","troot(x4*x4)",1
"P3",25,"Feature2","x6*troot(x4*x4)",1
"P3",25,"Feature3","x5",0.278986310067402
"P3",25,"Feature4","x3",0.100153381962901
"P3",25,"Feature5","x6",0.091873954035266
"P3",25,"Feature6","x7",0.0852481379999988
"P3",25,"Feature7","x2",0.0716647356939672
"P3",25,"Feature8","x4",0.0350351393619751
"P4",25,"Feature1","x4*x2",0.999999999999294
"P4",25,"Feature2","troot(x6*x4)*troot(x4)",0.999999999999294
"P4",25,"Feature3","x5",0.359866946270532
"P4",25,"Feature4","troot(x4)",0.0235043581159142
"P6",25,"Feature1","troot(x4*x4)*x6",1
"P6",25,"Feature2","troot(x4*x4)",1
"P6",25,"Feature3","x9",0.627672732213128
"P6",25,"Feature4","x5",0.489393585868746
"P6",25,"Feature5","x1",0.0988620141729276
"P6",25,"Feature6","x4",0.0847985783531782
"P6",25,"Feature7","sigmoid(x5)",0.00757561228015043
"P6",25,"Feature8","exp_dbl(x6)",0.00109956971949009
"P5",26,"Feature1","troot(x6*(x4*x4))",1
"P5",26,"Feature2","x4",0.997200659569154
"P5",26,"Feature3","x7*x4",0.552375636417707
"P5",26,"Feature4","x8*x4",0.449877072980326
"P5",26,"Feature5","troot(x4*x8)",0.00142072152421671
"P1",26,"Feature1","x4",0.979118034360376
"P1",26,"Feature2","x6*x4",0.976563010438202
"P1",26,"Feature3","troot((x6*x4)*x4)",0.976554797028617
"P1",26,"Feature4","x6",0.183420967873013
"P1",26,"Feature5","x1",0.153254049738133
"P1",26,"Feature6","troot(x4*x4)*x6",0.0234452029713795
"P1",26,"Feature7","troot(x4*x4)",0.0234452029704887
"P1",26,"Feature8","x9",0.0158183597954414
"P1",26,"Feature9","x5",0.012837168364402
"P2",26,"Feature1","x6*troot((x4*x7)*x4)",0.825945812706601
"P2",26,"Feature2","troot((sigmoid(x9)*(x4*x9))*x4)",0.825945812706601
"P2",26,"Feature3","x5",0.825741086991933
"P2",26,"Feature4","sigmoid(x5)",0.762108054994633
"P2",26,"Feature5","troot(x4*x4)",0.174054187293399
"P2",26,"Feature6","troot(x4*x4)*x6",0.174022919832932
"P2",26,"Feature7","x3",0.102636729593937
"P2",26,"Feature8","x9",0.0907995166648403
"P2",26,"Feature9","x4",0.0115282105826068
"P2",26,"Feature10","x10",0.010304435109279
"P2",26,"Feature11","troot(x5)",0.00454522815199864
"P3",26,"Feature1","troot(x4*x4)",1
"P3",26,"Feature2","troot(x4*x4)*x6",0.999973667489204
"P3",26,"Feature3","x9",0.520189317839645
"P3",26,"Feature4","x5",0.252670948526889
"P3",26,"Feature5","x7",0.0596732657269942
"P3",26,"Feature6","x3",0.0517843993638325
"P3",26,"Feature7","x4",0.0485114508913073
"P4",26,"Feature1","x9",0.999999986678441
"P4",26,"Feature2","x9*troot(troot(x4)*(x4*troot(x4)))",0.999965875074676
"P4",26,"Feature3","x5*x4",0.999965875074676
"P4",26,"Feature4","troot(x4*(x4*troot(x4)))",0.999965875074676
"P4",26,"Feature5","x4*troot(x4)",0.999965875074676
"P4",26,"Feature6","(x4*x4)*x8",0.999965400741625
"P4",26,"Feature7","x7",0.999958073502594
"P4",26,"Feature8","troot(x4*(x4*((x7*x4)*x9)))",0.996578133591713
"P4",26,"Feature9","(x7*x4)*x9",0.996577942198318
"P4",26,"Feature10","(x7*(x4*troot(x4)))*x9",0.950432497389837
"P4",26,"Feature11","x7*x4",0.0533782791208648
"P4",26,"Feature12","troot(x4)*(x4*troot(x4))",0.0529211493676969
"P4",26,"Feature13","sigmoid(x2)",0.00341440490915697
"P6",26,"Feature1","(troot(x6*x4)*troot(x6*x4))*x6",0.985627344417834
"P6",26,"Feature2","troot(x6*x4)*troot(x6*x4)",0.985627344417834
"P6",26,"Feature3","x6",0.969513209060678
"P6",26,"Feature4","x4",0.0724008964134326
"P6",26,"Feature5","(troot(x4)*x6)*(troot(x4)*x6)",0.0143726555821664
"P6",26,"Feature6","troot(1+(sin_deg(x4*x4)+(x4*x4)))",0.0143726555821664
"P6",26,"Feature7","x9",0.0142694272773117
"P6",26,"Feature8","x5",0.0141976817469309
"P6",26,"Feature9","troot(x6)",0.00897942985329812
"P6",26,"Feature10","sin_deg(x6)",0.00531894235047631
"P6",26,"Feature11","x7",0.00250963953570886
"P5",27,"Feature1","troot(x4)",1
"P5",27,"Feature2","x4",1
"P5",27,"Feature3","troot(troot(x4))",1
"P5",27,"Feature4","x4*troot(x4)",1
"P5",27,"Feature5","x4*x3",0.999999999994081
"P5",27,"Feature6","x4*x4",0.999999998302413
"P5",27,"Feature7","x6",0.999999998302413
"P5",27,"Feature8","(x4*troot(x4))*x7",0.999999998302413
"P5",27,"Feature9","((x8*x4)*x4)*x7",0.999999998302413
"P5",27,"Feature10","x4*(x4*x3)",0.999999998302413
"P5",27,"Feature11","x6*troot(x4)",0.999999992207615
"P5",27,"Feature12","x5",0.999999842657774
"P5",27,"Feature13","x9",0.999999810423474
"P5",27,"Feature14","sigmoid(x4)",0.999999679374012
"P1",27,"Feature1","troot(x4*((x4*x7)*x7))",1
"P1",27,"Feature2","troot(x4*x4)",0.99999994867419
"P1",27,"Feature3","x5",0.999995624997769
"P1",27,"Feature4","troot((x4*x4))*x9",0.999291427666878
"P1",27,"Feature5","sigmoid(x5)",0.998069262318603
"P1",27,"Feature6","x8",0.451333023193095
"P1",27,"Feature7","x7",0.436277000651161
"P1",27,"Feature8","x9",0.359064714312781
"P1",27,"Feature9","sigmoid(x8)",0.00147168756948525
"P2",27,"Feature1","troot(x4*x4)",0.999999993850992
"P2",27,"Feature2","troot(x4*x4)*x9",0.999975128971341
"P2",27,"Feature3","x7*troot(x4*x4)",0.9999653537322
"P2",27,"Feature4","x5*x5",0.729063651323927
"P2",27,"Feature5","x5",0.304111043138692
"P2",27,"Feature6","x5*(x5*x5)",0.26684823053344
"P2",27,"Feature7","x9",0.0538987298536702
"P2",27,"Feature8","(x5*x5)*x10",0.00428472849685408
"P2",27,"Feature9","sin_deg(x9)",0.00335192974767075
"P3",27,"Feature1","x4*x6",1
"P3",27,"Feature2","x7*(x4*x6)",1
"P3",27,"Feature3","x4",1
"P3",27,"Feature4","x7*troot(x4*x4)",1
"P3",27,"Feature5","troot(x4*x4)",1
"P3",27,"Feature6","x7",0.999999999999189
"P3",27,"Feature7","x6",0.995057020034423
"P3",27,"Feature8","sin_deg(x4)",0.0580467098506872
"P4",27,"Feature1","troot((sigmoid(x6)*x4)*(x6*x4))",1
"P4",27,"Feature2","troot(x4)*troot(x4)",1
"P4",27,"Feature3","x5",0.371476711821117
"P4",27,"Feature4","x4",0.0921480078199165
"P4",27,"Feature5","sigmoid(x5)",0.0115790787307732
"P4",27,"Feature6","troot(x4)",0.00355582565477584
"P6",27,"Feature1","troot(x4)*troot(x4)",1
"P6",27,"Feature2","(troot(x4)*troot(x4))*x6",1
"P6",27,"Feature3","x9",0.581804068667657
"P6",27,"Feature4","x5",0.476982687774771
"P5",28,"Feature1","troot((x4*x6)*x4)",0.980856475454522
"P5",28,"Feature2","x4",0.962491494674603
"P5",28,"Feature3","x6*x4",0.955199677089995
"P5",28,"Feature4","x5",0.42982381008462
"P5",28,"Feature5","x2*x4",0.0257976083124228
"P5",28,"Feature6","troot(x4*x4)*x6",0.0191435245454784
"P5",28,"Feature7","troot(x4*x4)",0.0191435245454784
"P5",28,"Feature8","x7",0.00354305768991512
"P5",28,"Feature9","x9",0.00103184149855092
"P1",28,"Feature1","troot(x4*x4)*x9",0.999998442938569
"P1",28,"Feature2","troot(x4*x4)*x7",0.999998442938569
"P1",28,"Feature3","troot(x4*x4)",0.999998442938569
"P1",28,"Feature4","x5",0.999997817202599
"P1",28,"Feature5","sigmoid(x5)",0.999729332365312
"P1",28,"Feature6","x8",0.718548140416076
"P1",28,"Feature7","x6",0.145249240983415
"P1",28,"Feature8","x9",0.132166274434056
"P1",28,"Feature9","sin_deg(x9)",0.00628418082038873
"P1",28,"Feature10","troot(x4)",0.00251299113298026
"P2",28,"Feature1","troot(x4*x4)",0.999999071364135
"P2",28,"Feature2","x6*troot(x4*x4)",0.999999071364135
"P2",28,"Feature3","x9",0.581261270149626
"P2",28,"Feature4","x5",0.478403366057469
"P2",28,"Feature5","troot(x5)",0.00349548671773363
"P3",28,"Feature1","x4",1
"P3",28,"Feature2","x6*x4",1
"P3",28,"Feature3","troot(x4)",0.999999999997499
"P3",28,"Feature4","sigmoid(x4)*(x4*troot(troot(x4)*sin_deg(x6)))",0.994719426928905
"P3",28,"Feature5","troot(x4)*(troot(x4)*troot(troot(x4)*sin_deg(x6)))",0.994719426928905
"P3",28,"Feature6","(x6*x4)*(x6*x4)",0.994719426902424
"P3",28,"Feature7","x9",0.880101491197266
"P3",28,"Feature8","sigmoid(x4)",0.724333407472035
"P3",28,"Feature9","x1",0.46039118875807
"P3",28,"Feature10","exp_dbl(x4)",0.18969730621226
"P3",28,"Feature11","x6",0.181267055961312
"P3",28,"Feature12","x4*x4",0.00520976940899279
"P3",28,"Feature13","troot((x4*x4)+x4)",0.00520976940899279
"P3",28,"Feature14","sin_deg(x9)*((x4*x10)*(x4*x3))",0.00520976940899279
"P3",28,"Feature15","x4*(x4*x10)",0.00520976940899279
"P3",28,"Feature16","x10*x4",0.00520976940899278
"P3",28,"Feature17","(x8*(x4*x10))*(x4*x10)",0.00520976940664331
"P3",28,"Feature18","x4*x3",0.00520976940664331
"P3",28,"Feature19","troot(1+((x4*x4)+x4))*(x4*x6)",0.00520976940664331
"P3",28,"Feature20","x9*x9",0.00197575834432644
"P3",28,"Feature21","troot(troot(x4))",0.00169362020853531
"P3",28,"Feature22","sin_deg(x4)",0.00142280125272718
"P4",28,"Feature1","exp_dbl(x8*x4)",1.00001243024387
"P4",28,"Feature2","x8*x4",0.999984745828513
"P4",28,"Feature3","troot(x4*(x6*x4))",0.999984745828513
"P4",28,"Feature4","x5*(x8*x4)",0.999984744920309
"P4",28,"Feature5","x4",0.63228363207545
"P4",28,"Feature6","troot(x4)",0.584386994423067
"P4",28,"Feature7","x6*x4",0.451951267223622
"P4",28,"Feature8","x9",0.0098075750545748
"P6",28,"Feature1","troot(x4)",1
"P6",28,"Feature2","x4",1
"P6",28,"Feature3","troot(x4)*x4",1
"P6",28,"Feature4","sigmoid(troot(x4))",0.999999999778708
"P6",28,"Feature5","(troot(x4)*sigmoid(x6))*troot(x4)",0.999999999778708
"P6",28,"Feature6","x4*troot(troot(1+troot(x4)))",0.999999999778708
"P6",28,"Feature7","x5",0.997471855215704
"P6",28,"Feature8","sin_deg(x5)",0.561757941399199
"P6",28,"Feature9","sigmoid(x5)",0.41161393882469
"P6",28,"Feature10","x9",0.0618199273119198
"P5",29,"Feature1","troot(x6*(x4*x4))",1
"P5",29,"Feature2","x4",0.959114075199415
"P5",29,"Feature3","x4*x7",0.955875017344637
"P5",29,"Feature4","x6",0.171719705775037
"P5",29,"Feature5","x3",0.0770169090495629
"P5",29,"Feature6","troot(x4*x4)",0.0441495463860529
"P1",29,"Feature1","troot(x4*x4)",1
"P1",29,"Feature2","troot(x4*x4)*x9",1
"P1",29,"Feature3","troot(x4*x4)*(x9*x7)",0.999792607314523
"P1",29,"Feature4","x5",0.999312626996888
"P1",29,"Feature5","x7",0.464904910138055
"P1",29,"Feature6","x9",0.152044568832356
"P1",29,"Feature7","x9*x7",0.106303313802138
"P1",29,"Feature8","x4",0.0868476748719388
"P1",29,"Feature9","x9*x5",0.0488832386786354
"P1",29,"Feature10","sigmoid(x1)",0.00332648915699798
"P2",29,"Feature1","troot(x4*x4)",0.987474324571767
"P2",29,"Feature2","x9*troot(x4*x4)",0.987474324571767
"P2",29,"Feature3","x7*troot(x4*x4)",0.987474323997811
"P2",29,"Feature4","troot(x4*x4)*(x10*x1)",0.987474277458453
"P2",29,"Feature5","x9",0.1161878909283
"P2",29,"Feature6","x7",0.0487968256206036
"P2",29,"Feature7","troot(x4*x6)*troot(x4)",0.0125256754105119
"P2",29,"Feature8","x4",0.0125221690980404
"P2",29,"Feature9","x4*x6",0.0120427591334461
"P2",29,"Feature10","x9*x4",0.0120014148673073
"P2",29,"Feature11","(x4*x6)*x1",0.0114454395364384
"P2",29,"Feature12","sigmoid(x7)",0.00111661049507385
"P3",29,"Feature1","x8*troot(x4*x4)",1
"P3",29,"Feature2","troot(x4*x4)",1
"P3",29,"Feature3","x5",0.999999999893447
"P3",29,"Feature4","sigmoid(x5)",0.999999999794131
"P3",29,"Feature5","sin_deg(x7)",0.999470422526726
"P3",29,"Feature6","exp_dbl(sigmoid(x8*troot(x4*x4)))",0.998384163826548
"P3",29,"Feature7","x9",0.991671370746135
"P3",29,"Feature8","x6",0.0959749977563171
"P3",29,"Feature9","x9*x9",0.00302179230140837
"P3",29,"Feature10","sigmoid(x8*troot(x4*x4))",0.00161582017888112
"P4",29,"Feature1","troot(x4*x4)",1
"P4",29,"Feature2","troot(x4*x4)*x6",0.999999999999999
"P4",29,"Feature3","x9",0.5780600872362
"P4",29,"Feature4","x5",0.465928581409376
"P4",29,"Feature5","x7",0.0914737911370932
"P4",29,"Feature6","x8",0.0214621695950383
"P6",29,"Feature1","troot(x4*x4)",1
"P6",29,"Feature2","troot(x4*x4)*x6",0.996637110277925
"P6",29,"Feature3","x9",0.552082734546645
"P6",29,"Feature4","x5",0.430801268301978
"P6",29,"Feature5","x2",0.0659906196062585
"P6",29,"Feature6","x10",0.0275039502063184
"P6",29,"Feature7","x7*troot(x4*x4)",0.00336288972207446
"P6",29,"Feature8","(troot(x4)*troot(x4))*x9",0.00336288972207446
"P6",29,"Feature9","(x5*x8)*(x5*x8)",0.00234548803389491
"P6",29,"Feature10","x8",0.00219401908409838
"P5",30,"Feature1","troot(x4*x4)",1
"P5",30,"Feature2","x4",0.839311781892624
"P5",30,"Feature3","x4*(x10*x4)",0.824755619206828
"P5",30,"Feature4","x10*x4",0.824755619206828
"P5",30,"Feature5","(exp_dbl(sin_deg(x4))*x4)*x7",0.824755619206828
"P5",30,"Feature6","exp_dbl(sin_deg(x4))*x4",0.824755619206828
"P5",30,"Feature7","x9",0.81898358500962
"P5",30,"Feature8","x5",0.491735021877575
"P5",30,"Feature9","troot(x7)",0.175244380793172
"P5",30,"Feature10","x4*x4",0.175244380460146
"P5",30,"Feature11","(x4*x2)*x10",0.17524430498883
"P5",30,"Feature12","x4*(troot(x3)*x4)",0.17505492686542
"P5",30,"Feature13","((x4*x2)*x10)*x4",0.174300086612347
"P5",30,"Feature14","x3*((x4*x2)*x10)",0.174154498028958
"P5",30,"Feature15","troot(x9)",0.00622011897677963
"P5",30,"Feature16","(x3*(troot(x3)*x4))*x4",0.00127844066765278
"P1",30,"Feature1","troot(x4*(x6*x4))",1
"P1",30,"Feature2","x4",0.989459550630114
"P1",30,"Feature3","x7*x4",0.547850537712365
"P1",30,"Feature4","x8*x4",0.438482216805695
"P1",30,"Feature5","x3",0.0783207971151101
"P1",30,"Feature6","x4*x2",0.0136672477558728
"P1",30,"Feature7","x10",0.00958633315184508
"P2",30,"Feature1","troot(x4*x4)",1
"P2",30,"Feature2","troot(x4*x4)*x6",0.999999999767251
"P2",30,"Feature3","x9",0.529296347366283
"P2",30,"Feature4","x5",0.455914221715859
"P2",30,"Feature5","x3",0.152815937530879
"P2",30,"Feature6","x7",0.0879730910576678
"P2",30,"Feature7","x5*x10",0.00825402958566764
"P2",30,"Feature8","exp_dbl(x5)",0.00361704208856683
"P3",30,"Feature1","x4*x4",1
"P3",30,"Feature2","x4",1
"P3",30,"Feature3","x7",1
"P3",30,"Feature4","(x3*x5)*(x4*x4)",1
"P3",30,"Feature5","x4*x6",1
"P3",30,"Feature6","(x4*x6)*(x4*x6)",1
"P3",30,"Feature7","troot(x4)*x9",1
"P3",30,"Feature8","x9",1
"P3",30,"Feature9","troot(x4)",1
"P3",30,"Feature10","troot(x4*x4)",1
"P3",30,"Feature11","sin_deg(troot(x4*x4))",0.999999999986693
"P3",30,"Feature12","x9*x7",0.969236716128769
"P3",30,"Feature13","x4*x5",0.695869783980181
"P3",30,"Feature14","x5",0.405923952018286
"P4",30,"Feature1","x4*x6",1
"P4",30,"Feature2","troot(x4*(x4*x6))",1
"P4",30,"Feature3","x4",0.999999999994315
"P4",30,"Feature4","x5",0.437256722566322
"P4",30,"Feature5","x2",0.0846860433410624
"P4",30,"Feature6","x3",0.0706960644961555
"P4",30,"Feature7","x8",0.0655021791329539
"P6",30,"Feature1","troot(x4*x4)",0.999999999985008
"P6",30,"Feature2","x6*troot(x4*x4)",0.999806169888411
"P6",30,"Feature3","x6",0.108410409366264
"P6",30,"Feature4","x10",0.0955643521678519
