"Experiment","Run","Number","Feature","Margs"
"S1",1,"Feature1","troot(x4*(x6*x4))",0.999406917124304
"S1",1,"Feature2","x10",0.303891969314757
"S2",1,"Feature1","troot((x4*x7)*x4)",1
"S2",1,"Feature2","x7",0.0984685959009242
"S3",1,"Feature1","troot(x4*x4)",1
"S3",1,"Feature2","x4*x2",0.96240581509656
"S3",1,"Feature3","x6",0.233890863969156
"S3",1,"Feature4","x4",0.109445537061438
"S3",1,"Feature5","x1",0.0669438028427094
"S3",1,"Feature6","x8",0.0616489964581647
"S3",1,"Feature7","x4*x8",0.023144017656762
"S3",1,"Feature8","x4*x6",0.0154881341523032
"S4",1,"Feature1","x2*x4",0.995054343154815
"S4",1,"Feature2","troot(x4*x4)",0.987139178791208
"S4",1,"Feature3","x2",0.180815386951998
"S4",1,"Feature4","x5",0.0717490541283101
"S4",1,"Feature5","troot(x9*(x4*x4))",0.0128608469664544
"S4",1,"Feature6","(x2*x4)*x7",0.00494656493707147
"S5",1,"Feature1","troot(x9)*troot(x4*x4)",1
"S5",1,"Feature2","x2*x4",0.852084084755382
"S5",1,"Feature3","x4",0.160949409468173
"S5",1,"Feature4","x5",0.0702027841289798
"S5",1,"Feature5","troot(x4)",0.0569389591416714
"S5",1,"Feature6","x4*x10",0.00253653163285862
"S5",1,"Feature7","exp_dbl(x4)",0.0016812522000256
"S6",1,"Feature1","troot(x6*(x4*x4))",0.999999993603595
"S6",1,"Feature2","x4",0.0854181601713152
"S6",1,"Feature3","x3",0.0841218630958949
"S6",1,"Feature4","x8",0.0691043851085741
"S1",2,"Feature1","x2*x4",0.999966682604334
"S1",2,"Feature2","troot((x4*x4))",0.999962338499683
"S1",2,"Feature3","x8",0.0716672162822735
"S2",2,"Feature1","troot(x4*(x4*x7))",1
"S2",2,"Feature2","x2",0.268767945433427
"S2",2,"Feature3","x6",0.15925837481738
"S2",2,"Feature4","x5",0.0639635438960425
"S2",2,"Feature5","troot(x4)",0.00395089791208556
"S2",2,"Feature6","troot(x6)",0.00102116645461976
"S3",2,"Feature1","x8*x4",0.999997644494342
"S3",2,"Feature2","x10*x4",0.987469084208803
"S3",2,"Feature3","x4",0.987459222685325
"S3",2,"Feature4","x4*x4",0.98745817207628
"S3",2,"Feature5","x10",0.17839389405313
"S3",2,"Feature6","x8",0.0707339795801144
"S3",2,"Feature7","exp_dbl(troot(troot(x4)))*x4",0.0125438594676535
"S3",2,"Feature8","x6",0.00157483521041991
"S4",2,"Feature1","troot(x4*x4)",1
"S4",2,"Feature2","x4",0.999988804372954
"S4",2,"Feature3","x6*x4",0.999987034960279
"S4",2,"Feature4","x1",0.0839821046965851
"S4",2,"Feature5","x5",0.00739805790070244
"S4",2,"Feature6","troot(x4)",0.0055745469619327
"S5",2,"Feature1","x2*x4",0.99999999999556
"S5",2,"Feature2","troot(x4*x4)",0.99999999999556
"S5",2,"Feature3","x6",0.211041541246937
"S5",2,"Feature4","x7",0.147066407450168
"S5",2,"Feature5","x4",0.087911812547712
"S6",2,"Feature1","x10*x4",1
"S6",2,"Feature2","troot(x4)*x4",1
"S6",2,"Feature3","x4",1
"S6",2,"Feature4","troot(x4)",0.00117555334157066
"S1",3,"Feature1","x4",0.999999999554459
"S1",3,"Feature2","x10*x4",0.997635994117752
"S1",3,"Feature3","troot(x4)*x4",0.980179365059266
"S1",3,"Feature4","x2",0.199634916964225
"S1",3,"Feature5","x10",0.124658856763554
"S1",3,"Feature6","x4*x4",0.0228083206517835
"S1",3,"Feature7","troot(x4)",0.0166182050674647
"S1",3,"Feature8","x8*x4",0.00888282103478428
"S1",3,"Feature9","sin_deg(x4)",0.00310296276571497
"S2",3,"Feature1","troot(x7*(x4*x4))",1
"S2",3,"Feature2","x2",0.212882622676236
"S2",3,"Feature3","x10",0.182334214745415
"S2",3,"Feature4","x8",0.0132010827481748
"S3",3,"Feature1","troot(x6*(x4*x4))",1
"S3",3,"Feature2","x4",0.0996013811797709
"S3",3,"Feature3","x3",0.0921771925409906
"S3",3,"Feature4","troot(x10)",0.00497502609904342
"S4",3,"Feature1","troot(x4*(x4*x7))",0.999999669891556
"S4",3,"Feature2","x4",0.151235064175164
"S4",3,"Feature3","x8",0.0623605897346808
"S5",3,"Feature1","troot(x4*x4)",1
"S5",3,"Feature2","x4*x2",0.999999992643591
"S5",3,"Feature3","x5",0.0892176494794935
"S5",3,"Feature4","x4",0.0847156723060321
"S6",3,"Feature1","x4",1
"S6",3,"Feature2","troot(x4)*x4",1
"S6",3,"Feature3","x10*x4",0.999999999999998
"S6",3,"Feature4","x7",0.21793435311538
"S6",3,"Feature5","sin_deg(x4)",0.0043112372033613
"S1",4,"Feature1","troot(x4)*troot(x4)",1
"S1",4,"Feature2","x4*x2",0.957423989865856
"S1",4,"Feature3","x4*x3",0.0437080639267656
"S1",4,"Feature4","troot(x4)",0.00139124151049304
"S2",4,"Feature1","troot(x7*(x4*x4))",0.513490796338099
"S2",4,"Feature2","troot(x6*(x4*x4))",0.486509215784712
"S2",4,"Feature3","x6",0.0592164697760904
"S3",4,"Feature1","troot(x4*x4)",1
"S3",4,"Feature2","x4*x6",1
"S3",4,"Feature3","x4",0.982099164085119
"S3",4,"Feature4","x6",0.208771982699008
"S3",4,"Feature5","x7",0.132624689638569
"S3",4,"Feature6","x4*x4",0.0189130116660854
"S3",4,"Feature7","x3*x10",0.00170193818206265
"S4",4,"Feature1","troot(x7*(x4*x4))",0.999999977514211
"S4",4,"Feature2","x10",0.218462961701544
"S5",4,"Feature1","troot((x7*x4)*x4)",1
"S5",4,"Feature2","x10",0.195254812656236
"S5",4,"Feature3","x3",0.104521674170014
"S5",4,"Feature4","x7",0.0777498898139505
"S6",4,"Feature1","troot(x7*(x4*x4))",0.999988533671053
"S6",4,"Feature2","x2",0.199988782885276
"S6",4,"Feature3","x4",0.109489672115371
"S6",4,"Feature4","x7",0.0621172566066217
"S6",4,"Feature5","x5",0.0584255304721941
"S1",5,"Feature1","troot((x6*x4)*x4)",0.998117522233781
"S1",5,"Feature2","x10",0.281711169430373
"S1",5,"Feature3","x4",0.0736240270003436
"S1",5,"Feature4","x6*x4",0.00231084791620504
"S1",5,"Feature5","troot(x4*x4)",0.00188552904430154
"S2",5,"Feature1","troot((x4*x7)*x4)",1
"S2",5,"Feature2","x2",0.281546122394704
"S2",5,"Feature3","x6",0.151302853392666
"S2",5,"Feature4","x4",0.140754550609931
"S3",5,"Feature1","troot(x4*(x6*x4))",0.995356506265978
"S3",5,"Feature2","x4",0.103158096689066
"S3",5,"Feature3","troot(x4*x4)",0.0046484584081299
"S3",5,"Feature4","x4*x8",0.00330363740473537
"S3",5,"Feature5","x6*x4",0.002533746031258
"S3",5,"Feature6","sigmoid(x4)",0.00198307613885011
"S3",5,"Feature7","troot(x4)",0.00118998115689222
"S3",5,"Feature8","sin_deg(x4)",0.00107753289218885
"S4",5,"Feature1","troot((x4*x6)*x4)",1
"S4",5,"Feature2","troot(x4)",0.0010017558899671
"S5",5,"Feature1","x4*x7",0.999999994364411
"S5",5,"Feature2","x4",0.992617419910673
"S5",5,"Feature3","troot(x4*x4)",0.989833714916245
"S5",5,"Feature4","x10",0.220982146379934
"S5",5,"Feature5","x2",0.145403992655182
"S5",5,"Feature6","x4*x4",0.0252367569672825
"S5",5,"Feature7","x10*x4",0.0131660128712336
"S5",5,"Feature8","exp_dbl(x6)",0.00119724359607184
"S6",5,"Feature1","troot(x4*x4)",1
"S6",5,"Feature2","x2*x4",0.999999999996652
"S1",6,"Feature1","troot(x4*x4)",1
"S1",6,"Feature2","x2*x4",0.99999386228373
"S1",6,"Feature3","x4",0.0847089981925974
"S2",6,"Feature1","troot(x4*(x7*x4))",1
"S2",6,"Feature2","x4",0.17653885339983
"S2",6,"Feature3","x7",0.0178954411444152
"S3",6,"Feature1","troot(x4*x4)",0.999999974350383
"S3",6,"Feature2","x4*x2",0.999958730058344
"S3",6,"Feature3","x3",0.104391019250434
"S3",6,"Feature4","x9",0.0835072092338063
"S4",6,"Feature1","troot(x4*(x4*x7))",1
"S4",6,"Feature2","x10",0.190016407213653
"S4",6,"Feature3","x4",0.130760254892159
"S5",6,"Feature1","troot(x4*x4)",1
"S5",6,"Feature2","x4*x2",0.986258704745808
"S5",6,"Feature3","x4*x8",0.00793692334309722
"S5",6,"Feature4","(x7*x4)*x2",0.00651697379127559
"S6",6,"Feature1","troot(x4*(x4*x7))",1
"S6",6,"Feature2","x10",0.188993916113206
"S6",6,"Feature3","x4",0.130221179230152
"S6",6,"Feature4","troot(x4)",0.00362573572646748
"S1",7,"Feature1","troot(x4*x4)",1
"S1",7,"Feature2","x4*x2",0.980071182100619
"S1",7,"Feature3","x10",0.185785907051642
"S1",7,"Feature4","x4",0.110201901602652
"S1",7,"Feature5","x4*x7",0.0199364813400177
"S1",7,"Feature6","x9",0.00899369762642296
"S2",7,"Feature1","x4",1
"S2",7,"Feature2","x4*troot(x4)",1
"S2",7,"Feature3","x4*x10",0.999999999999998
"S2",7,"Feature4","x2",0.235259780343442
"S2",7,"Feature5","x9",0.0935784623420681
"S2",7,"Feature6","x3",0.0677721817103724
"S2",7,"Feature7","x4*x2",0.00163064313167112
"S3",7,"Feature1","troot((x4*x7)*x4)",0.999999999990554
"S3",7,"Feature2","x10",0.200616713262616
"S3",7,"Feature3","x4",0.149907431295443
"S3",7,"Feature4","x5",0.0597333035846828
"S3",7,"Feature5","x8",0.0462067361497981
"S4",7,"Feature1","troot((x4*x4)*x6)",1
"S4",7,"Feature2","x7",0.110433166109303
"S4",7,"Feature3","x4",0.100034207066652
"S4",7,"Feature4","x5",0.0771341750750724
"S5",7,"Feature1","x4",1
"S5",7,"Feature2","troot(x4)*x4",0.999999902384038
"S5",7,"Feature3","x4*x10",0.976195339479595
"S5",7,"Feature4","(x4*x8)*x10",0.0238046326902115
"S5",7,"Feature5","x6",0.00445486680756852
"S5",7,"Feature6","x10",0.00409881825622374
"S5",7,"Feature7","x4*x9",0.00173738639930705
"S6",7,"Feature1","troot(x7*(x4*x4))",0.999999999988666
"S6",7,"Feature2","x4",0.14230742407724
"S6",7,"Feature3","x6",0.118912724452432
"S1",8,"Feature1","troot((x6*x4)*x4)",1
"S1",8,"Feature2","x6",0.105271748604686
"S1",8,"Feature3","x4",0.0780802358884703
"S1",8,"Feature4","x8",0.0653715524339841
"S1",8,"Feature5","x1",0.0545714828937956
"S2",8,"Feature1","x4*x2",0.999945486057378
"S2",8,"Feature2","troot(x4*x4)",0.999540963760531
"S2",8,"Feature3","x10",0.172631160234094
"S2",8,"Feature4","x4",0.0701740671514334
"S2",8,"Feature5","exp_dbl(x4)",0.00128477125848405
"S2",8,"Feature6","x10*x3",0.00121577174527901
"S3",8,"Feature1","troot((x4*x4)*x6)",1
"S3",8,"Feature2","x6",0.103649567002142
"S3",8,"Feature3","x4",0.0834347132006948
"S3",8,"Feature4","x8",0.0706801457770403
"S3",8,"Feature5","x3",0.0698822164528689
"S4",8,"Feature1","troot(x4*x4)",1
"S4",8,"Feature2","x2*x4",0.991487831663417
"S4",8,"Feature3","x4*(x2*x7)",0.00864276505714384
"S4",8,"Feature4","x10",0.00150916700846843
"S5",8,"Feature1","troot(x4*x4)",0.999999999999975
"S5",8,"Feature2","x4*x2",0.965326640446658
"S5",8,"Feature3","x4",0.115591487280187
"S5",8,"Feature4","x4*x7",0.0176781971615448
"S5",8,"Feature5","x4*x9",0.0175360771551442
"S5",8,"Feature6","sigmoid(x4)",0.0020973792568081
"S6",8,"Feature1","troot(x4*x4)",1
"S6",8,"Feature2","x4*x2",0.999929534861994
"S1",9,"Feature1","troot(x4)*troot(x4)",1
"S1",9,"Feature2","x2*x4",0.956946724062284
"S1",9,"Feature3","x2",0.154766361511901
"S1",9,"Feature4","x10",0.143958218431651
"S1",9,"Feature5","x5",0.0629849742001255
"S1",9,"Feature6","x3*x4",0.0442920841346
"S1",9,"Feature7","x8",0.00235285786136105
"S2",9,"Feature1","troot(x4*x4)",1
"S2",9,"Feature2","x4*x2",0.993092167980916
"S2",9,"Feature3","(x4*x6)*x2",0.00697204345272975
"S3",9,"Feature1","troot(x4*x4)",1
"S3",9,"Feature2","x2*x4",0.999999920049812
"S3",9,"Feature3","x2",0.19520494211767
"S4",9,"Feature1","troot(x4*(x4*x6))",1
"S4",9,"Feature2","x2",0.354028231755309
"S5",9,"Feature1","troot(x4*x4)",0.999999971133122
"S5",9,"Feature2","x4*x3",0.768266147838825
"S5",9,"Feature3","x4",0.355885662389067
"S5",9,"Feature4","x4*x7",0.233491996921121
"S5",9,"Feature5","x6",0.192706172298975
"S5",9,"Feature6","x7",0.100826481703264
"S5",9,"Feature7","x5",0.0667227922140179
"S5",9,"Feature8","x1",0.0346981838210626
"S5",9,"Feature9","x4*x4",0.003959376742031
"S6",9,"Feature1","x4",0.999999908651313
"S6",9,"Feature2","x10*x4",0.999999240467812
"S6",9,"Feature3","troot(x4)*x4",0.999528932030269
"S1",10,"Feature1","troot((x4*x4)*x7)",0.999999751238379
"S1",10,"Feature2","x4",0.161568783982861
"S1",10,"Feature3","sigmoid(x6)",0.00102230562342413
"S2",10,"Feature1","troot(x7*(x4*x4))",1
"S2",10,"Feature2","x7",0.098612093240591
"S2",10,"Feature3","x4*x7",0.00100986516797677
"S3",10,"Feature1","x4",1
"S3",10,"Feature2","x4*troot(x4)",1
"S3",10,"Feature3","x4*x10",0.984602086240616
"S3",10,"Feature4","x8",0.0715546556904001
"S3",10,"Feature5","(x8*x4)*x10",0.0153978945441549
"S3",10,"Feature6","x8*x4",0.00112174992155858
"S4",10,"Feature1","troot(x4*x4)*troot(x7)",1
"S4",10,"Feature2","x4",0.161560367494923
"S5",10,"Feature1","troot(x4)*troot(x4)",0.999999999999992
"S5",10,"Feature2","x4*x2",0.999999997851689
"S5",10,"Feature3","x2",0.181487351611734
"S5",10,"Feature4","x4",0.0694520969351846
"S5",10,"Feature5","troot(x4)",0.00131835932505842
"S6",10,"Feature1","troot((x4*x7)*x4)",1
"S6",10,"Feature2","x4",0.161325395294463
"S6",10,"Feature3","x8",0.0732787009471009
"S1",11,"Feature1","troot((x6*x4)*x4)",1
"S1",11,"Feature2","x4",0.0930871146995016
"S1",11,"Feature3","x8",0.0685474430713503
"S2",11,"Feature1","troot((x4*x6)*x4)",1
"S2",11,"Feature2","x2",0.378243638000132
"S2",11,"Feature3","x6",0.154657144046407
"S3",11,"Feature1","troot(x6)*troot(x4*x4)",0.998759141855166
"S3",11,"Feature2","x10",0.30213144565534
"S3",11,"Feature3","x8",0.074961646180078
"S3",11,"Feature4","sigmoid(x10)",0.00431008962024066
"S3",11,"Feature5","troot(x4*x4)",0.00124412487727277
"S4",11,"Feature1","troot(x4*x4)",1
"S4",11,"Feature2","x4*x2",0.952939422870795
"S4",11,"Feature3","x6",0.192687405029917
"S4",11,"Feature4","x7",0.146999332479003
"S4",11,"Feature5","x4",0.0704057521094623
"S4",11,"Feature6","x4*x3",0.0479556489021958
"S4",11,"Feature7","x3",0.00313436106278308
"S5",11,"Feature1","troot(x4*x4)",1
"S5",11,"Feature2","x2*x4",0.973940076921738
"S5",11,"Feature3","x10",0.177297434717188
"S5",11,"Feature4","x4",0.096578916598869
"S5",11,"Feature5","x8",0.0544435912002038
"S5",11,"Feature6","x8*x4",0.0266509123176738
"S5",11,"Feature7","x4*x4",0.001354898378015
"S6",11,"Feature1","troot(x4*x4)",1
"S6",11,"Feature2","x4*x2",0.98051375541138
"S6",11,"Feature3","x2",0.178045655580489
"S6",11,"Feature4","x4",0.0820174160097653
"S6",11,"Feature5","x4*x8",0.0199537606497216
"S1",12,"Feature1","troot((x4*x7)*x4)",0.999379194279298
"S1",12,"Feature2","x8",0.0735609567229952
"S2",12,"Feature1","troot((x4*x4)*x6)",1
"S2",12,"Feature2","x2",0.332366590262715
"S2",12,"Feature3","x3",0.0614749496680048
"S3",12,"Feature1","troot(x4*x4)",0.999998349378047
"S3",12,"Feature2","x2*x4",0.999998064273378
"S3",12,"Feature3","x2",0.19328578125245
"S3",12,"Feature4","x4",0.0827068518751286
"S3",12,"Feature5","troot(x4)",0.00132331935871969
"S3",12,"Feature6","sin_deg(x2)",0.00107766788680013
"S4",12,"Feature1","x4",1
"S4",12,"Feature2","troot(x4)*x4",0.999999974885352
"S4",12,"Feature3","x4*x10",0.999999959336326
"S5",12,"Feature1","troot(x4*x4)",1
"S5",12,"Feature2","x4*x2",0.956444796913464
"S5",12,"Feature3","x3*x4",0.0437650758837331
"S5",12,"Feature4","exp_dbl(x4)",0.00169364023620214
"S6",12,"Feature1","x4",1
"S6",12,"Feature2","troot(x4)*x4",0.999999981510093
"S6",12,"Feature3","x4*x10",0.999976616460255
"S6",12,"Feature4","x2",0.22697562735921
"S6",12,"Feature5","sin_deg(x4)",0.00359192077094157
"S1",13,"Feature1","troot(x4*x4)",0.999999999999244
"S1",13,"Feature2","x2*x4",0.97329635584634
"S1",13,"Feature3","x10",0.175769518095629
"S1",13,"Feature4","x4",0.0892820063571729
"S1",13,"Feature5","x8*x4",0.0271231708466507
"S1",13,"Feature6","x3",0.00133974212283755
"S1",13,"Feature7","troot(x4)",0.00131594264358747
"S2",13,"Feature1","troot(x4*x4)",1
"S2",13,"Feature2","x2*x4",0.999999999557716
"S3",13,"Feature1","troot(x4*x4)",1
"S3",13,"Feature2","x4*x2",0.947042253419082
"S3",13,"Feature3","x4",0.119040438885928
"S3",13,"Feature4","x4*x8",0.0247461724902058
"S3",13,"Feature5","x9*x4",0.0221957038757122
"S3",13,"Feature6","x2*(x4*x8)",0.00657906279436336
"S3",13,"Feature7","x6",0.00601940169871672
"S3",13,"Feature8","x4*x4",0.00206495627385378
"S4",13,"Feature1","troot(x4*x4)",0.99999999992918
"S4",13,"Feature2","x2*x4",0.99999999992918
"S4",13,"Feature3","x5",0.0891368374411477
"S5",13,"Feature1","troot(x4*(x6*x4))",0.999938994968653
"S5",13,"Feature2","x4",0.100067471209274
"S5",13,"Feature3","x3",0.0917827946274546
"S5",13,"Feature4","sin_deg(x4)",0.00109413149400357
"S6",13,"Feature1","troot(x4*(x6*x4))",0.99987910305421
"S6",13,"Feature2","x10",0.329359172500181
"S6",13,"Feature3","x4",0.0371783942010403
"S6",13,"Feature4","exp_dbl(x10)",0.00411398974641353
"S1",14,"Feature1","troot(x4*x4)",0.999999999999283
"S1",14,"Feature2","x2*x4",0.952281665963133
"S1",14,"Feature3","x2",0.205012314216767
"S1",14,"Feature4","x3*x4",0.0426862435133997
"S1",14,"Feature5","x1",0.01458525879504
"S1",14,"Feature6","x8*x4",0.00673478774572558
"S2",14,"Feature1","troot((x7*x4)*x4)",1
"S2",14,"Feature2","x4",0.161604347324513
"S2",14,"Feature3","x5",0.0932134794092503
"S3",14,"Feature1","troot(x4*x4)",1
"S3",14,"Feature2","x4*x2",0.999999999997716
"S3",14,"Feature3","x2",0.187943082702713
"S3",14,"Feature4","x7",0.178207516269102
"S3",14,"Feature5","x10",0.169104384482491
"S4",14,"Feature1","troot(x4*x4)",0.999999999995976
"S4",14,"Feature2","x2*x4",0.976532406868808
"S4",14,"Feature3","x2",0.18067089643969
"S4",14,"Feature4","x4",0.0844926622497967
"S4",14,"Feature5","x4*x8",0.0240676632775296
"S5",14,"Feature1","troot(x4*x4)",1
"S5",14,"Feature2","x4*x2",1
"S5",14,"Feature3","x10",0.187347174344929
"S5",14,"Feature4","x4",0.0802806037020732
"S5",14,"Feature5","x8",0.0669382662355816
"S5",14,"Feature6","troot(x10)",0.00215817168168885
"S6",14,"Feature1","troot(x4*x4)",1
"S6",14,"Feature2","x4*x2",1
"S6",14,"Feature3","x3",0.106544491790714
"S6",14,"Feature4","x8",0.0640335095704124
"S1",15,"Feature1","troot((x6*x4)*x4)",0.998106570993953
"S1",15,"Feature2","x4",0.0948269392009664
"S1",15,"Feature3","x9",0.0668945990331075
"S1",15,"Feature4","x6*x4",0.00227588781188099
"S1",15,"Feature5","troot(x4*x4)",0.00189740422980779
"S2",15,"Feature1","troot(x4*(x4*x7))",0.999999999999976
"S2",15,"Feature2","x10",0.218518366177413
"S3",15,"Feature1","troot(x4*(x6*x4))",0.999999884977419
"S3",15,"Feature2","x4",0.0998610991743913
"S4",15,"Feature1","troot((x6*x4)*x4)",1
"S4",15,"Feature2","x5",0.0866708902855152
"S5",15,"Feature1","x4*x3",0.999999999236071
"S5",15,"Feature2","troot(x4*x4)",0.999999064296361
"S6",15,"Feature1","troot(x4*x4)",0.999999999910846
"S6",15,"Feature2","x4*x3",0.999994336164253
"S6",15,"Feature3","x4",0.155549394687835
"S6",15,"Feature4","x4*x4",0.0013609348775825
"S1",16,"Feature1","troot(x4*x4)",0.999926613506204
"S1",16,"Feature2","x4*x2",0.996629202902581
"S1",16,"Feature3","x4",0.0878866307982771
"S1",16,"Feature4","x4*x4",0.00397369015888496
"S1",16,"Feature5","x4*x10",0.00348731142254202
"S2",16,"Feature1","troot(x4*(x7*x4))",0.999999999957003
"S2",16,"Feature2","x4",0.161560087723786
"S3",16,"Feature1","troot(x4*(x4*x6))",0.999995191575538
"S3",16,"Feature2","x6",0.12163941537068
"S4",16,"Feature1","troot((x4*x7)*x4)",1
"S4",16,"Feature2","x4",0.150853268055344
"S4",16,"Feature3","x9",0.0662687243588517
"S5",16,"Feature1","troot(x4*(x9*x4))",1
"S5",16,"Feature2","x4*x3",0.674535830729349
"S5",16,"Feature3","x4",0.266457656692588
"S5",16,"Feature4","x7",0.157762869703823
"S5",16,"Feature5","troot(x4)",0.134270999789635
"S5",16,"Feature6","x3",0.095024795152584
"S5",16,"Feature7","x8",0.0644956204861805
"S6",16,"Feature1","troot(x4*(x4*x6))",1
"S1",17,"Feature1","troot(x4*x4)",1
"S1",17,"Feature2","x4",0.758772556816588
"S1",17,"Feature3","x8*x4",0.554119944442474
"S1",17,"Feature4","x4*x6",0.445364446188953
"S1",17,"Feature5","x6",0.197561177423739
"S1",17,"Feature6","x4*x4",0.0288233091498856
"S1",17,"Feature7","x4*x10",0.0052366234941339
"S2",17,"Feature1","troot(x4*(x7*x4))",0.999999999999989
"S2",17,"Feature2","x4",0.147994412629551
"S2",17,"Feature3","x7",0.083968031313503
"S3",17,"Feature1","x4",1
"S3",17,"Feature2","troot(x4)*x4",1
"S3",17,"Feature3","x10*x4",0.999987379906332
"S3",17,"Feature4","x6",0.202182955515389
"S3",17,"Feature5","x10",0.15201793635324
"S3",17,"Feature6","troot(x4)",0.0010362523426698
"S4",17,"Feature1","troot(x4*x4)",1
"S4",17,"Feature2","x2*x4",0.990937853179228
"S4",17,"Feature3","x8*(x2*x4)",0.00906842866768694
"S4",17,"Feature4","sigmoid(x4)",0.00260743302624921
"S4",17,"Feature5","x9",0.00115525805679443
"S5",17,"Feature1","sigmoid(x6)*troot(x4*x4)",1
"S5",17,"Feature2","x6",0.16340819994881
"S5",17,"Feature3","x8",0.0600192815888159
"S5",17,"Feature4","x4*x3",0.00106652243105329
"S6",17,"Feature1","troot((x4*x7)*x4)",1
"S6",17,"Feature2","x4",0.161430025840854
"S1",18,"Feature1","troot(x4*(x6*x4))",0.99952155549723
"S1",18,"Feature2","x6",0.121795462482737
"S1",18,"Feature3","sin_deg(x4)",0.00105779747981184
"S2",18,"Feature1","troot(x4*(x6*x4))",1
"S2",18,"Feature2","x2",0.354016495980304
"S3",18,"Feature1","troot(x4*x4)",0.999999455558226
"S3",18,"Feature2","x4*x2",0.949641621698486
"S3",18,"Feature3","x6",0.181522816664123
"S3",18,"Feature4","x7",0.120772153225902
"S3",18,"Feature5","x4",0.0790349025988815
"S3",18,"Feature6","x4*x3",0.0355301696757058
"S3",18,"Feature7","x9*x4",0.0162487800367928
"S4",18,"Feature1","troot(x4*(x4*x6))",0.999999970170633
"S4",18,"Feature2","x2",0.320701553448113
"S4",18,"Feature3","x4",0.0961939351222223
"S4",18,"Feature4","x6",0.0830299173526751
"S4",18,"Feature5","exp_dbl(x4)",0.00103116477129297
"S5",18,"Feature1","x4",1
"S5",18,"Feature2","x10*x4",1
"S5",18,"Feature3","troot(x4)*x4",0.987468159348398
"S5",18,"Feature4","x7",0.216707773916387
"S5",18,"Feature5","x4*x4",0.0134333840711457
"S5",18,"Feature6","troot(x4)",0.0125267199984094
"S5",18,"Feature7","x4*x2",0.00307467327401836
"S5",18,"Feature8","troot(x6)",0.00119576564243521
"S6",18,"Feature1","troot((x4*x7)*x4)",1
"S6",18,"Feature2","x2",0.206277994203153
"S6",18,"Feature3","x4",0.112987410671745
"S6",18,"Feature4","x6",0.0943769903507354
"S1",19,"Feature1","troot(x4)*troot(x4)",0.999580982543205
"S1",19,"Feature2","x3*x4",0.985870824341654
"S1",19,"Feature3","x4",0.140927356264365
"S1",19,"Feature4","x7",0.131085164482988
"S1",19,"Feature5","x9",0.0636954529400049
"S1",19,"Feature6","x8",0.0473768307681484
"S1",19,"Feature7","x2",0.0258876977923977
"S1",19,"Feature8","x7*(x3*x4)",0.0141378659215999
"S2",19,"Feature1","troot((x4*x6)*x4)",0.999999999994115
"S2",19,"Feature2","x6",0.104173488321138
"S2",19,"Feature3","x4",0.0835348308979187
"S2",19,"Feature4","x9",0.0598358685321877
"S3",19,"Feature1","troot(x4*x4)",1
"S3",19,"Feature2","x3*x4",0.720277730247527
"S3",19,"Feature3","x4",0.376329518315845
"S3",19,"Feature4","x9*x4",0.280887342981784
"S3",19,"Feature5","x3",0.0961816599848276
"S3",19,"Feature6","x1",0.0578902645150903
"S3",19,"Feature7","x4*x4",0.00189880937573821
"S4",19,"Feature1","troot(x4*x4)",1
"S4",19,"Feature2","x2*x4",0.999952827337848
"S4",19,"Feature3","x8",0.0716661053576889
"S5",19,"Feature1","troot(x4*x4)",1
"S5",19,"Feature2","x4",0.518360379779003
"S5",19,"Feature3","x3*x4",0.418635932324423
"S5",19,"Feature4","x4*x8",0.379284473232915
"S5",19,"Feature5","x4*x6",0.202974806281643
"S5",19,"Feature6","x6",0.142581871388556
"S5",19,"Feature7","x7",0.0503528252429638
"S5",19,"Feature8","troot(x4)",0.0196037785029056
"S5",19,"Feature9","x4*x4",0.00745691002129175
"S5",19,"Feature10","x8",0.00708954018400867
"S6",19,"Feature1","troot((x7*x4)*x4)",1
"S6",19,"Feature2","x4",0.161473574625752
"S1",20,"Feature1","x3*x4",0.999985483600506
"S1",20,"Feature2","troot(x4)*troot(x4)",0.999983876581538
"S1",20,"Feature3","x4",0.155649717038002
"S2",20,"Feature1","troot(x7*(x4*x4))",1
"S2",20,"Feature2","x6",0.13877305863464
"S3",20,"Feature1","troot(x4*(x4*x7))",0.995608736452629
"S3",20,"Feature2","x6",0.139101630684232
"S3",20,"Feature3","x3*x4",0.00439168639634083
"S3",20,"Feature4","troot(x4*x4)",0.00439126785631842
"S4",20,"Feature1","x2*x4",0.998529206944883
"S4",20,"Feature2","troot(x4*x4)",0.977935620457903
"S4",20,"Feature3","troot(x4*(x9*x4))",0.0221291311110557
"S4",20,"Feature4","x2",0.00436875090186351
"S4",20,"Feature5","x10",0.00384968031854398
"S4",20,"Feature6","troot(x4)",0.00124671330730894
"S5",20,"Feature1","troot(x4)*troot(x4)",1
"S5",20,"Feature2","x4*x2",0.973516073056046
"S5",20,"Feature3","x4",0.0938790269996586
"S5",20,"Feature4","x9",0.0864604201825703
"S5",20,"Feature5","x8*x4",0.0271011693430646
"S5",20,"Feature6","troot(x4)",0.00251642028979724
"S5",20,"Feature7","x4*x4",0.00138372885605923
"S6",20,"Feature1","troot(x4*x4)",1
"S6",20,"Feature2","x8*x4",0.999997242964749
"S6",20,"Feature3","x4",0.675602633890622
"S6",20,"Feature4","x4*x4",0.033160989026996
"S6",20,"Feature5","x8",0.0252580113998596
"S6",20,"Feature6","x4*x6",0.00398075422899384
"S6",20,"Feature7","exp_dbl(x4)",0.00174124160730888
"S1",21,"Feature1","troot((x4*x4)*x6)",1
"S1",21,"Feature2","x4",0.0997606669767201
"S2",21,"Feature1","troot(x4*(x4*x7))",1
"S2",21,"Feature2","x4",0.149945931938228
"S2",21,"Feature3","x9",0.0659264980477279
"S2",21,"Feature4","troot(x4)",0.00417453925676774
"S3",21,"Feature1","troot(1+(x4*x4))",0.999965632173464
"S3",21,"Feature2","x2*x4",0.993559356133611
"S3",21,"Feature3","x4",0.0843834065996687
"S3",21,"Feature4","(x2*x4)*x7",0.00657072579725106
"S4",21,"Feature1","troot(x4*x4)",1
"S4",21,"Feature2","x2*x4",1
"S4",21,"Feature3","x2",0.195205620042709
"S5",21,"Feature1","troot(x4*x4)",1
"S5",21,"Feature2","x2*x4",0.986293942234904
"S5",21,"Feature3","x2",0.204386980578495
"S5",21,"Feature4","x7",0.176180203280886
"S5",21,"Feature5","x4",0.0957843656271626
"S5",21,"Feature6","x4*x9",0.0140528593980741
"S6",21,"Feature1","troot((x7*x4)*x4)",0.999999495535073
"S6",21,"Feature2","x4",0.149944401376482
"S6",21,"Feature3","x7",0.0844217430619821
"S6",21,"Feature4","x9",0.0795066292886063
"S1",22,"Feature1","troot(x4*(x4*x7))",0.99999998321829
"S1",22,"Feature2","x4",0.134477649805645
"S1",22,"Feature3","x3",0.0891230151207477
"S1",22,"Feature4","x7",0.0764457975612121
"S1",22,"Feature5","troot(x4)",0.00509353099074829
"S2",22,"Feature1","x4",0.999995750872912
"S2",22,"Feature2","troot(x4*x4)",0.962563482691583
"S2",22,"Feature3","x4*x9",0.962559232820478
"S2",22,"Feature4","troot(x4)",0.105910018199866
"S2",22,"Feature5","x4*x10",0.0374779129809835
"S2",22,"Feature6","x4*x4",0.0374471964015779
"S2",22,"Feature7","troot(x8)",0.00442837703421549
"S3",22,"Feature1","troot(x4*x4)",0.999999999999978
"S3",22,"Feature2","x4*x2",0.999999999999696
"S3",22,"Feature3","x10",0.172063356503683
"S3",22,"Feature4","x2",0.167289106067093
"S3",22,"Feature5","x4",0.0796216559920051
"S3",22,"Feature6","x1",0.0570430760419896
"S3",22,"Feature7","troot(x4)",0.0012098454662092
"S4",22,"Feature1","troot(x4*(x6*x4))",1
"S5",22,"Feature1","troot(x4*x4)",0.999999999976923
"S5",22,"Feature2","x4*x2",0.984148408724661
"S5",22,"Feature3","x4",0.0925419510430888
"S5",22,"Feature4","x5",0.0809083235628799
"S5",22,"Feature5","x9*x4",0.0163625494712973
"S6",22,"Feature1","troot(x6)*troot(x4*x4)",1
"S6",22,"Feature2","x4",0.0995086562706174
"S6",22,"Feature3","x8",0.0752492722702692
"S1",23,"Feature1","troot(x4*x4)",0.999999735798555
"S1",23,"Feature2","x4*x2",0.981249123781963
"S1",23,"Feature3","x9*x4",0.0194193006480535
"S1",23,"Feature4","x4",0.0190404236680127
"S1",23,"Feature5","sigmoid(x4)",0.00227760890102682
"S2",23,"Feature1","troot(x4*(x4*x7))",1
"S2",23,"Feature2","x4",0.161435738168805
"S3",23,"Feature1","troot(x4*x4)",1
"S3",23,"Feature2","x3*x4",0.983220188536964
"S3",23,"Feature3","x4",0.157464863682322
"S3",23,"Feature4","x3*(x9*x4)",0.0143251572048436
"S3",23,"Feature5","x7*(x9*x4)",0.0023157684845244
"S3",23,"Feature6","x5",0.00145427931646612
"S4",23,"Feature1","troot(x4*x4)",1
"S4",23,"Feature2","x2*x4",0.999999953195592
"S4",23,"Feature3","x6",0.26002548206769
"S4",23,"Feature4","x2",0.22602287966225
"S4",23,"Feature5","x4",0.0854306242494708
"S4",23,"Feature6","troot(x4)",0.00112855438451808
"S5",23,"Feature1","(troot(x4)*troot(x4))*x9",1
"S5",23,"Feature2","(x4*x5)*x4",0.962191075912218
"S5",23,"Feature3","x2",0.327902666976294
"S5",23,"Feature4","x5",0.076817455767371
"S5",23,"Feature5","x4*x5",0.0459319349945631
"S6",23,"Feature1","troot(x4*x4)*sigmoid(x6)",0.99934988035337
"S6",23,"Feature2","x4",0.203660674065008
"S6",23,"Feature3","sigmoid(x4)",0.00214484501631706
"S6",23,"Feature4","x4*x9",0.00133494558788972
"S1",24,"Feature1","x4*x10",0.999999997709681
"S1",24,"Feature2","x4*troot(x4)",0.999999997452231
"S1",24,"Feature3","x4",0.999999888000507
"S1",24,"Feature4","x2",0.227576892832956
"S2",24,"Feature1","troot((x4*x7)*x4)",0.999999999994158
"S3",24,"Feature1","troot(x4*(x6*x4))",0.999999999987788
"S3",24,"Feature2","x2",0.304395624227045
"S3",24,"Feature3","x6",0.0769442851420156
"S3",24,"Feature4","x4",0.0616990940361741
"S4",24,"Feature1","x4*x2",1
"S4",24,"Feature2","troot(x4*x4)",0.99999999999976
"S4",24,"Feature3","x6",0.211469105653284
"S4",24,"Feature4","x4",0.0667557700561133
"S5",24,"Feature1","troot(x4)*troot(x4)",0.999999999951644
"S5",24,"Feature2","x2*x4",0.999999773651919
"S5",24,"Feature3","x6",0.226423572904795
"S5",24,"Feature4","sin_deg(x6)",0.00133982923523896
"S6",24,"Feature1","troot((x7*x4)*x4)",1
"S6",24,"Feature2","x4",0.161455856804454
"S1",25,"Feature1","x4",0.901038679143783
"S1",25,"Feature2","x4*troot(x4)",0.891785365183941
"S1",25,"Feature3","x10*x4",0.886698819529009
"S1",25,"Feature4","x2*x4",0.113415131099477
"S1",25,"Feature5","troot(x4)*troot(x4)",0.108214668363687
"S1",25,"Feature6","x9",0.105084651322462
"S1",25,"Feature7","x10",0.0342866589545453
"S1",25,"Feature8","x4*x4",0.00520744817468598
"S2",25,"Feature1","troot(x4*(x4*x7))",0.570674139367618
"S2",25,"Feature2","troot(x4*(x4*x6))",0.42932587042233
"S2",25,"Feature3","x9",0.0720464224316596
"S2",25,"Feature4","x7",0.0522252100863227
"S3",25,"Feature1","x4",1
"S3",25,"Feature2","x4*x4",1
"S3",25,"Feature3","(x8*x10)*x4",0.999660241437548
"S3",25,"Feature4","x8*x4",0.830506548037594
"S3",25,"Feature5","troot(x4)",0.351400979020521
"S3",25,"Feature6","sigmoid(troot(x4))",0.00215878383333949
"S4",25,"Feature1","x8*x4",0.999999999345471
"S4",25,"Feature2","troot(x4*x4)",0.95356390872183
"S4",25,"Feature3","x4",0.733332950916244
"S4",25,"Feature4","x9*troot(x4*x4)",0.0464360912781697
"S5",25,"Feature1","troot(x4*x4)",0.999999999998123
"S5",25,"Feature2","x4*x2",0.999956985166167
"S5",25,"Feature3","x4",0.0847193064898237
"S5",25,"Feature4","x1",0.071709950729105
"S5",25,"Feature5","exp_dbl(x6)",0.00140139790027116
"S5",25,"Feature6","sin_deg(x10)",0.00127512359600858
"S6",25,"Feature1","troot(x4*x4)",1
"S6",25,"Feature2","x2*x4",0.996671803867392
"S6",25,"Feature3","x6",0.225957364786619
"S6",25,"Feature4","x3*(x8*x4)",0.00320361511325321
"S1",26,"Feature1","troot(x4*x4)",1
"S1",26,"Feature2","x8*x4",0.777235124290783
"S1",26,"Feature3","x4",0.571393000135436
"S1",26,"Feature4","(x8*x2)*x4",0.222764375742763
"S1",26,"Feature5","troot(x4)",0.0401055704680967
"S1",26,"Feature6","x4*x4",0.0252532667818258
"S2",26,"Feature1","troot((x7*(x4*x4)))",0.987373625140644
"S2",26,"Feature2","x2",0.259849538476511
"S2",26,"Feature3","troot(1+(x7*(x4*x4)))",0.00636035484281889
"S2",26,"Feature4","troot(x2+(x7*(x4*x4)))",0.00626602002073137
"S2",26,"Feature5","x3*x2",0.00176194563633464
"S2",26,"Feature6","x6",0.00110744629365569
"S3",26,"Feature1","troot(x4*x4)",0.999999999999605
"S3",26,"Feature2","x4*x2",0.959021542939704
"S3",26,"Feature3","x10",0.174947422416565
"S3",26,"Feature4","x4",0.102606180067938
"S3",26,"Feature5","x9",0.0909650984312668
"S3",26,"Feature6","x8*x4",0.0232636688953847
"S3",26,"Feature7","x9*x4",0.0189196781272346
"S3",26,"Feature8","troot(x8)",0.00142049827801702
"S4",26,"Feature1","troot((x4*x4)*x7)",1
"S4",26,"Feature2","x9",0.0865652537580186
"S4",26,"Feature3","x5",0.00932307151798966
"S4",26,"Feature4","x4",0.00160385253416087
"S5",26,"Feature1","troot(x4*x4)",1
"S5",26,"Feature2","x4*x8",0.829918109268501
"S5",26,"Feature3","x4",0.620516206336438
"S5",26,"Feature4","x3*(x4*x8)",0.165060977320577
"S5",26,"Feature5","x2",0.0360214406914733
"S5",26,"Feature6","(x4*x8)*x6",0.00503073028536106
"S5",26,"Feature7","x9*x4",0.00352479267559488
"S6",26,"Feature1","troot(x4*x4)",1
"S6",26,"Feature2","x4*x2",0.999999999484195
"S6",26,"Feature3","x2",0.195233384363193
"S6",26,"Feature4","x8",0.0716952749267026
"S1",27,"Feature1","x4",1
"S1",27,"Feature2","x4*troot(x4)",0.99999998647741
"S1",27,"Feature3","x4*x10",0.983291809391869
"S1",27,"Feature4","x10",0.15422665015645
"S1",27,"Feature5","(x8*x4)*x10",0.01671331069393
"S1",27,"Feature6","x8*x4",0.00121989463216841
"S2",27,"Feature1","troot(x4*(x4*x7))",0.999964334759305
"S2",27,"Feature2","x4",0.148073316842207
"S2",27,"Feature3","x7",0.0839711726696113
"S3",27,"Feature1","troot(x4*x4)",0.999999999999886
"S3",27,"Feature2","x2*x4",0.97643523222974
"S3",27,"Feature3","x4",0.0988040609370053
"S3",27,"Feature4","x8",0.0706972807041489
"S3",27,"Feature5","x8*x4",0.0240934063041734
"S3",27,"Feature6","x4*x4",0.00149652269754206
"S4",27,"Feature1","troot((x7*x4)*x4)",0.999999999999694
"S4",27,"Feature2","x1",0.00622216612865237
"S4",27,"Feature3","x8",0.00622216612677842
"S4",27,"Feature4","x7*x4",0.00100129099377977
"S5",27,"Feature1","x4*x2",0.999935542181824
"S5",27,"Feature2","troot(x4*x4)",0.999806997176371
"S6",27,"Feature1","troot(x4*x4)",1
"S6",27,"Feature2","x4",0.99995706273609
"S6",27,"Feature3","x6*x4",0.999651499581007
"S1",28,"Feature1","x4",0.612594934992689
"S1",28,"Feature2","x10*x4",0.538658151957911
"S1",28,"Feature3","x4*troot(x4)",0.537249852394152
"S1",28,"Feature4","x3*x4",0.462805965103866
"S1",28,"Feature5","troot(x4*x4)",0.462752416221693
"S1",28,"Feature6","x5",0.0403920699683257
"S1",28,"Feature7","x3",0.0401151964319434
"S1",28,"Feature8","x10",0.0116692955894948
"S2",28,"Feature1","troot(x7*(x4*x4))",0.563414982104634
"S2",28,"Feature2","troot(x6*(x4*x4))",0.436585028650665
"S2",28,"Feature3","x1",0.07471171662851
"S2",28,"Feature4","x8",0.0441051816545834
"S3",28,"Feature1","x4",1
"S3",28,"Feature2","x4*troot(x4)",0.99999999987911
"S3",28,"Feature3","x4*x10",0.999875005245912
"S3",28,"Feature4","x7",0.220475567834684
"S3",28,"Feature5","x3",0.073831184032027
"S3",28,"Feature6","sin_deg(x2)",0.00196344118629582
"S4",28,"Feature1","x4*x2",0.929241371010439
"S4",28,"Feature2","troot(x4*x4)",0.929241367915881
"S4",28,"Feature3","troot(x4)*x4",0.0707586378870288
"S4",28,"Feature4","x4",0.0707586320919453
"S4",28,"Feature5","x10*x4",0.0707554988185069
"S4",28,"Feature6","x8",0.0665085279960178
"S4",28,"Feature7","x7",0.0154388528912268
"S4",28,"Feature8","troot(x4)",0.00125457310233607
"S5",28,"Feature1","troot(x4*x4)",1
"S5",28,"Feature2","x4*x3",0.996931467542178
"S5",28,"Feature3","x4",0.156718735466246
"S5",28,"Feature4","x4*x8",0.0047319163571515
"S5",28,"Feature5","x9*(x4*x8)",0.0030934960935928
"S5",28,"Feature6","x4*x4",0.00137418392811052
"S5",28,"Feature7","exp_dbl(x4)",0.00127441218574124
"S6",28,"Feature1","troot((x7*x4)*x4)",1
"S1",29,"Feature1","troot(x4*x4)",1
"S1",29,"Feature2","x4*x2",0.978191059366503
"S1",29,"Feature3","x6",0.193254860839298
"S1",29,"Feature4","x10",0.152039725398915
"S1",29,"Feature5","x4*x6",0.0221807365927014
"S1",29,"Feature6","x4",0.0215293875142427
"S1",29,"Feature7","exp_dbl(x4)",0.00111937469678841
"S2",29,"Feature1","troot(x4*(x4*x6))",1
"S2",29,"Feature2","x10",0.3030166987361
"S2",29,"Feature3","sigmoid(x10)",0.00463345220965818
"S3",29,"Feature1","troot((x4*x6)*x4)",0.998546862944734
"S3",29,"Feature2","x6",0.111394089538838
"S3",29,"Feature3","x7",0.0974967195507631
"S3",29,"Feature4","x4",0.0932493188627008
"S3",29,"Feature5","x4*x6",0.00145383314473513
"S3",29,"Feature6","troot(x4*x4)",0.00145313705530316
"S4",29,"Feature1","x4",1
"S4",29,"Feature2","troot(x4)*x4",0.999999950305471
"S4",29,"Feature3","x10*x4",0.997215030806322
"S4",29,"Feature4","x4*x6",0.00400895528461522
"S4",29,"Feature5","x4*x4",0.00390428888066728
"S5",29,"Feature1","troot((x4*x6)*x4)",0.998171986295037
"S5",29,"Feature2","x4",0.101234572971367
"S5",29,"Feature3","x4*x6",0.00237906036408643
"S5",29,"Feature4","sigmoid(x4)",0.00198071150408005
"S5",29,"Feature5","troot(x4*x4)",0.0018322550434873
"S5",29,"Feature6","exp_dbl(x4)",0.00156949140461541
"S6",29,"Feature1","x4",1
"S6",29,"Feature2","troot((troot(x4)*x9)*(x4*x4))",0.999967862985684
"S1",30,"Feature1","x4*x2",1
"S1",30,"Feature2","troot(x4*x4)",0.999999792038603
"S1",30,"Feature3","x2",0.181590174198233
"S1",30,"Feature4","x4",0.0692828802236792
"S2",30,"Feature1","troot(x4*x4)",0.999999999925152
"S2",30,"Feature2","x4*x2",0.999999754927974
"S2",30,"Feature3","x10",0.157949678997123
"S2",30,"Feature4","x3",0.0885225989664494
"S2",30,"Feature5","x4",0.0637748441068729
"S3",30,"Feature1","troot(x4*x4)",0.999929048022928
"S3",30,"Feature2","x2*x4",0.996427604469599
"S3",30,"Feature3","x10",0.173245507012397
"S3",30,"Feature4","x4",0.0733892343994043
"S3",30,"Feature5","x10*x4",0.00413598630274567
"S3",30,"Feature6","x4*x4",0.00408835270577928
"S3",30,"Feature7","troot(x10)",0.00214756220762903
"S4",30,"Feature1","troot(x4*(x7*x4))",1
"S5",30,"Feature1","troot(x4*(x7*x4))",0.999999997862826
"S5",30,"Feature2","x4",0.147640146302878
"S5",30,"Feature3","x7",0.0840794069154329
"S5",30,"Feature4","exp_dbl(x4)",0.00201062066066604
"S6",30,"Feature1","troot(x4*x4)",1
"S6",30,"Feature2","x4*x2",0.999999820502229
"S6",30,"Feature3","x2",0.19513922935596
